questionId,currentTopic,proposedTopic,confidence,status,questionNo,assetUrl,sourceStatus,answerVerified,reason
meb-dort-dortluk-tyt-mat-sayi-kumeleri-cozumlu-01,Denklemler ve Eşitsizlikler,Temel Kavramlar / Sayı Kümeleri,HIGH,REMAP,1,/assets/meb-dort-dortluk-tyt-math-v11/meb-dort-dortluk-tyt-mat-sayi-kumeleri-cozumlu-01.jpg,pending-official-answer-verification,False,Kaynak chapter 'Sayı Kümeleri' olduğundan canonical konu 'Temel Kavramlar / Sayı Kümeleri' olmalı.
meb-dort-dortluk-tyt-mat-sayi-kumeleri-cozumlu-02,Denklemler ve Eşitsizlikler,Temel Kavramlar / Sayı Kümeleri,HIGH,REMAP,2,/assets/meb-dort-dortluk-tyt-math-v11/meb-dort-dortluk-tyt-mat-sayi-kumeleri-cozumlu-02.jpg,pending-official-answer-verification,False,Kaynak chapter 'Sayı Kümeleri' olduğundan canonical konu 'Temel Kavramlar / Sayı Kümeleri' olmalı.
meb-dort-dortluk-tyt-mat-sayi-kumeleri-cozumlu-03,Denklemler ve Eşitsizlikler,Temel Kavramlar / Sayı Kümeleri,HIGH,REMAP,3,/assets/meb-dort-dortluk-tyt-math-v11/meb-dort-dortluk-tyt-mat-sayi-kumeleri-cozumlu-03.jpg,pending-official-answer-verification,False,Kaynak chapter 'Sayı Kümeleri' olduğundan canonical konu 'Temel Kavramlar / Sayı Kümeleri' olmalı.
meb-dort-dortluk-tyt-mat-sayi-kumeleri-cozumlu-04,Denklemler ve Eşitsizlikler,Temel Kavramlar / Sayı Kümeleri,HIGH,REMAP,4,/assets/meb-dort-dortluk-tyt-math-v11/meb-dort-dortluk-tyt-mat-sayi-kumeleri-cozumlu-04.jpg,pending-official-answer-verification,False,Kaynak chapter 'Sayı Kümeleri' olduğundan canonical konu 'Temel Kavramlar / Sayı Kümeleri' olmalı.
meb-dort-dortluk-tyt-mat-sayi-kumeleri-cozumlu-05,Denklemler ve Eşitsizlikler,Temel Kavramlar / Sayı Kümeleri,HIGH,REMAP,5,/assets/meb-dort-dortluk-tyt-math-v11/meb-dort-dortluk-tyt-mat-sayi-kumeleri-cozumlu-05.jpg,pending-official-answer-verification,False,Kaynak chapter 'Sayı Kümeleri' olduğundan canonical konu 'Temel Kavramlar / Sayı Kümeleri' olmalı.
meb-dort-dortluk-tyt-mat-sayi-kumeleri-cozumlu-06,Denklemler ve Eşitsizlikler,Temel Kavramlar / Sayı Kümeleri,HIGH,REMAP,6,/assets/meb-dort-dortluk-tyt-math-v11/meb-dort-dortluk-tyt-mat-sayi-kumeleri-cozumlu-06.jpg,pending-official-answer-verification,False,Kaynak chapter 'Sayı Kümeleri' olduğundan canonical konu 'Temel Kavramlar / Sayı Kümeleri' olmalı.
meb-dort-dortluk-tyt-mat-sayi-kumeleri-cozumlu-07,Denklemler ve Eşitsizlikler,Temel Kavramlar / Sayı Kümeleri,HIGH,REMAP,7,/assets/meb-dort-dortluk-tyt-math-v11/meb-dort-dortluk-tyt-mat-sayi-kumeleri-cozumlu-07.jpg,pending-official-answer-verification,False,Kaynak chapter 'Sayı Kümeleri' olduğundan canonical konu 'Temel Kavramlar / Sayı Kümeleri' olmalı.
meb-dort-dortluk-tyt-mat-sayi-kumeleri-cozumlu-08,Denklemler ve Eşitsizlikler,Temel Kavramlar / Sayı Kümeleri,HIGH,REMAP,8,/assets/meb-dort-dortluk-tyt-math-v11/meb-dort-dortluk-tyt-mat-sayi-kumeleri-cozumlu-08.jpg,pending-official-answer-verification,False,Kaynak chapter 'Sayı Kümeleri' olduğundan canonical konu 'Temel Kavramlar / Sayı Kümeleri' olmalı.
meb-dort-dortluk-tyt-mat-sayi-kumeleri-cozumlu-09,Denklemler ve Eşitsizlikler,Temel Kavramlar / Sayı Kümeleri,HIGH,REMAP,9,/assets/meb-dort-dortluk-tyt-math-v11/meb-dort-dortluk-tyt-mat-sayi-kumeleri-cozumlu-09.jpg,pending-official-answer-verification,False,Kaynak chapter 'Sayı Kümeleri' olduğundan canonical konu 'Temel Kavramlar / Sayı Kümeleri' olmalı.
meb-dort-dortluk-tyt-mat-sayi-kumeleri-cozumlu-10,Denklemler ve Eşitsizlikler,Temel Kavramlar / Sayı Kümeleri,HIGH,REMAP,10,/assets/meb-dort-dortluk-tyt-math-v11/meb-dort-dortluk-tyt-mat-sayi-kumeleri-cozumlu-10.jpg,pending-official-answer-verification,False,Kaynak chapter 'Sayı Kümeleri' olduğundan canonical konu 'Temel Kavramlar / Sayı Kümeleri' olmalı.
meb-dort-dortluk-tyt-mat-sayi-kumeleri-cozumlu-11,Denklemler ve Eşitsizlikler,Temel Kavramlar / Sayı Kümeleri,HIGH,REMAP,11,/assets/meb-dort-dortluk-tyt-math-v11/meb-dort-dortluk-tyt-mat-sayi-kumeleri-cozumlu-11.jpg,pending-official-answer-verification,False,Kaynak chapter 'Sayı Kümeleri' olduğundan canonical konu 'Temel Kavramlar / Sayı Kümeleri' olmalı.
meb-dort-dortluk-tyt-mat-sayi-kumeleri-cozumlu-12,Denklemler ve Eşitsizlikler,Temel Kavramlar / Sayı Kümeleri,HIGH,REMAP,12,/assets/meb-dort-dortluk-tyt-math-v11/meb-dort-dortluk-tyt-mat-sayi-kumeleri-cozumlu-12.jpg,pending-official-answer-verification,False,Kaynak chapter 'Sayı Kümeleri' olduğundan canonical konu 'Temel Kavramlar / Sayı Kümeleri' olmalı.
meb-dort-dortluk-tyt-mat-sayi-kumeleri-cozumlu-13,Denklemler ve Eşitsizlikler,Temel Kavramlar / Sayı Kümeleri,HIGH,REMAP,13,/assets/meb-dort-dortluk-tyt-math-v11/meb-dort-dortluk-tyt-mat-sayi-kumeleri-cozumlu-13.jpg,pending-official-answer-verification,False,Kaynak chapter 'Sayı Kümeleri' olduğundan canonical konu 'Temel Kavramlar / Sayı Kümeleri' olmalı.
meb-dort-dortluk-tyt-mat-sayi-kumeleri-cozumlu-14,Denklemler ve Eşitsizlikler,Temel Kavramlar / Sayı Kümeleri,HIGH,REMAP,14,/assets/meb-dort-dortluk-tyt-math-v11/meb-dort-dortluk-tyt-mat-sayi-kumeleri-cozumlu-14.jpg,pending-official-answer-verification,False,Kaynak chapter 'Sayı Kümeleri' olduğundan canonical konu 'Temel Kavramlar / Sayı Kümeleri' olmalı.
meb-dort-dortluk-tyt-mat-sayi-kumeleri-cozumlu-15,Denklemler ve Eşitsizlikler,Temel Kavramlar / Sayı Kümeleri,HIGH,REMAP,15,/assets/meb-dort-dortluk-tyt-math-v11/meb-dort-dortluk-tyt-mat-sayi-kumeleri-cozumlu-15.jpg,pending-official-answer-verification,False,Kaynak chapter 'Sayı Kümeleri' olduğundan canonical konu 'Temel Kavramlar / Sayı Kümeleri' olmalı.
meb-dort-dortluk-tyt-mat-sayi-kumeleri-test-1-01,Denklemler ve Eşitsizlikler,Temel Kavramlar / Sayı Kümeleri,HIGH,REMAP,1,/assets/meb-dort-dortluk-tyt-math-v11/meb-dort-dortluk-tyt-mat-sayi-kumeleri-test-1-01.jpg,student-ready,True,Kaynak chapter 'Sayı Kümeleri' olduğundan canonical konu 'Temel Kavramlar / Sayı Kümeleri' olmalı.
meb-dort-dortluk-tyt-mat-sayi-kumeleri-test-1-02,Denklemler ve Eşitsizlikler,Temel Kavramlar / Sayı Kümeleri,HIGH,REMAP,2,/assets/meb-dort-dortluk-tyt-math-v11/meb-dort-dortluk-tyt-mat-sayi-kumeleri-test-1-02.jpg,student-ready,True,Kaynak chapter 'Sayı Kümeleri' olduğundan canonical konu 'Temel Kavramlar / Sayı Kümeleri' olmalı.
meb-dort-dortluk-tyt-mat-sayi-kumeleri-test-1-03,Denklemler ve Eşitsizlikler,Temel Kavramlar / Sayı Kümeleri,HIGH,REMAP,3,/assets/meb-dort-dortluk-tyt-math-v11/meb-dort-dortluk-tyt-mat-sayi-kumeleri-test-1-03.jpg,student-ready,True,Kaynak chapter 'Sayı Kümeleri' olduğundan canonical konu 'Temel Kavramlar / Sayı Kümeleri' olmalı.
meb-dort-dortluk-tyt-mat-sayi-kumeleri-test-1-04,Denklemler ve Eşitsizlikler,Temel Kavramlar / Sayı Kümeleri,HIGH,REMAP,4,/assets/meb-dort-dortluk-tyt-math-v11/meb-dort-dortluk-tyt-mat-sayi-kumeleri-test-1-04.jpg,student-ready,True,Kaynak chapter 'Sayı Kümeleri' olduğundan canonical konu 'Temel Kavramlar / Sayı Kümeleri' olmalı.
meb-dort-dortluk-tyt-mat-sayi-kumeleri-test-1-05,Denklemler ve Eşitsizlikler,Temel Kavramlar / Sayı Kümeleri,HIGH,REMAP,5,/assets/meb-dort-dortluk-tyt-math-v11/meb-dort-dortluk-tyt-mat-sayi-kumeleri-test-1-05.jpg,student-ready,True,Kaynak chapter 'Sayı Kümeleri' olduğundan canonical konu 'Temel Kavramlar / Sayı Kümeleri' olmalı.
meb-dort-dortluk-tyt-mat-sayi-kumeleri-test-1-06,Denklemler ve Eşitsizlikler,Temel Kavramlar / Sayı Kümeleri,HIGH,REMAP,6,/assets/meb-dort-dortluk-tyt-math-v11/meb-dort-dortluk-tyt-mat-sayi-kumeleri-test-1-06.jpg,student-ready,True,Kaynak chapter 'Sayı Kümeleri' olduğundan canonical konu 'Temel Kavramlar / Sayı Kümeleri' olmalı.
meb-dort-dortluk-tyt-mat-sayi-kumeleri-test-1-07,Denklemler ve Eşitsizlikler,Temel Kavramlar / Sayı Kümeleri,HIGH,REMAP,7,/assets/meb-dort-dortluk-tyt-math-v11/meb-dort-dortluk-tyt-mat-sayi-kumeleri-test-1-07.jpg,student-ready,True,Kaynak chapter 'Sayı Kümeleri' olduğundan canonical konu 'Temel Kavramlar / Sayı Kümeleri' olmalı.
meb-dort-dortluk-tyt-mat-sayi-kumeleri-test-1-08,Denklemler ve Eşitsizlikler,Temel Kavramlar / Sayı Kümeleri,HIGH,REMAP,8,/assets/meb-dort-dortluk-tyt-math-v11/meb-dort-dortluk-tyt-mat-sayi-kumeleri-test-1-08.jpg,student-ready,True,Kaynak chapter 'Sayı Kümeleri' olduğundan canonical konu 'Temel Kavramlar / Sayı Kümeleri' olmalı.
meb-dort-dortluk-tyt-mat-sayi-kumeleri-test-2-01,Denklemler ve Eşitsizlikler,Temel Kavramlar / Sayı Kümeleri,HIGH,REMAP,1,/assets/meb-dort-dortluk-tyt-math-v11/meb-dort-dortluk-tyt-mat-sayi-kumeleri-test-2-01.jpg,student-ready,True,Kaynak chapter 'Sayı Kümeleri' olduğundan canonical konu 'Temel Kavramlar / Sayı Kümeleri' olmalı.
meb-dort-dortluk-tyt-mat-sayi-kumeleri-test-2-02,Denklemler ve Eşitsizlikler,Temel Kavramlar / Sayı Kümeleri,HIGH,REMAP,2,/assets/meb-dort-dortluk-tyt-math-v11/meb-dort-dortluk-tyt-mat-sayi-kumeleri-test-2-02.jpg,student-ready,True,Kaynak chapter 'Sayı Kümeleri' olduğundan canonical konu 'Temel Kavramlar / Sayı Kümeleri' olmalı.
meb-dort-dortluk-tyt-mat-sayi-kumeleri-test-2-03,Denklemler ve Eşitsizlikler,Temel Kavramlar / Sayı Kümeleri,HIGH,REMAP,3,/assets/meb-dort-dortluk-tyt-math-v11/meb-dort-dortluk-tyt-mat-sayi-kumeleri-test-2-03.jpg,student-ready,True,Kaynak chapter 'Sayı Kümeleri' olduğundan canonical konu 'Temel Kavramlar / Sayı Kümeleri' olmalı.
meb-dort-dortluk-tyt-mat-sayi-kumeleri-test-2-04,Denklemler ve Eşitsizlikler,Temel Kavramlar / Sayı Kümeleri,HIGH,REMAP,4,/assets/meb-dort-dortluk-tyt-math-v11/meb-dort-dortluk-tyt-mat-sayi-kumeleri-test-2-04.jpg,student-ready,True,Kaynak chapter 'Sayı Kümeleri' olduğundan canonical konu 'Temel Kavramlar / Sayı Kümeleri' olmalı.
meb-dort-dortluk-tyt-mat-sayi-kumeleri-test-2-05,Denklemler ve Eşitsizlikler,Temel Kavramlar / Sayı Kümeleri,HIGH,REMAP,5,/assets/meb-dort-dortluk-tyt-math-v11/meb-dort-dortluk-tyt-mat-sayi-kumeleri-test-2-05.jpg,student-ready,True,Kaynak chapter 'Sayı Kümeleri' olduğundan canonical konu 'Temel Kavramlar / Sayı Kümeleri' olmalı.
meb-dort-dortluk-tyt-mat-sayi-kumeleri-test-2-06,Denklemler ve Eşitsizlikler,Temel Kavramlar / Sayı Kümeleri,HIGH,REMAP,6,/assets/meb-dort-dortluk-tyt-math-v11/meb-dort-dortluk-tyt-mat-sayi-kumeleri-test-2-06.jpg,student-ready,True,Kaynak chapter 'Sayı Kümeleri' olduğundan canonical konu 'Temel Kavramlar / Sayı Kümeleri' olmalı.
meb-dort-dortluk-tyt-mat-sayi-kumeleri-test-2-07,Denklemler ve Eşitsizlikler,Temel Kavramlar / Sayı Kümeleri,HIGH,REMAP,7,/assets/meb-dort-dortluk-tyt-math-v11/meb-dort-dortluk-tyt-mat-sayi-kumeleri-test-2-07.jpg,student-ready,True,Kaynak chapter 'Sayı Kümeleri' olduğundan canonical konu 'Temel Kavramlar / Sayı Kümeleri' olmalı.
meb-dort-dortluk-tyt-mat-sayi-kumeleri-test-2-08,Denklemler ve Eşitsizlikler,Temel Kavramlar / Sayı Kümeleri,HIGH,REMAP,8,/assets/meb-dort-dortluk-tyt-math-v11/meb-dort-dortluk-tyt-mat-sayi-kumeleri-test-2-08.jpg,student-ready,True,Kaynak chapter 'Sayı Kümeleri' olduğundan canonical konu 'Temel Kavramlar / Sayı Kümeleri' olmalı.
meb-dort-dortluk-tyt-mat-sayi-kumeleri-test-2-09,Denklemler ve Eşitsizlikler,Temel Kavramlar / Sayı Kümeleri,HIGH,REMAP,9,/assets/meb-dort-dortluk-tyt-math-v11/meb-dort-dortluk-tyt-mat-sayi-kumeleri-test-2-09.jpg,student-ready,True,Kaynak chapter 'Sayı Kümeleri' olduğundan canonical konu 'Temel Kavramlar / Sayı Kümeleri' olmalı.
meb-dort-dortluk-tyt-mat-sayi-kumeleri-test-2-10,Denklemler ve Eşitsizlikler,Temel Kavramlar / Sayı Kümeleri,HIGH,REMAP,10,/assets/meb-dort-dortluk-tyt-math-v11/meb-dort-dortluk-tyt-mat-sayi-kumeleri-test-2-10.jpg,student-ready,True,Kaynak chapter 'Sayı Kümeleri' olduğundan canonical konu 'Temel Kavramlar / Sayı Kümeleri' olmalı.
meb-dort-dortluk-tyt-mat-sayi-kumeleri-test-3-01,Denklemler ve Eşitsizlikler,Temel Kavramlar / Sayı Kümeleri,HIGH,REMAP,1,/assets/meb-dort-dortluk-tyt-math-v11/meb-dort-dortluk-tyt-mat-sayi-kumeleri-test-3-01.jpg,student-ready,True,Kaynak chapter 'Sayı Kümeleri' olduğundan canonical konu 'Temel Kavramlar / Sayı Kümeleri' olmalı.
meb-dort-dortluk-tyt-mat-sayi-kumeleri-test-3-02,Denklemler ve Eşitsizlikler,Temel Kavramlar / Sayı Kümeleri,HIGH,REMAP,2,/assets/meb-dort-dortluk-tyt-math-v11/meb-dort-dortluk-tyt-mat-sayi-kumeleri-test-3-02.jpg,student-ready,True,Kaynak chapter 'Sayı Kümeleri' olduğundan canonical konu 'Temel Kavramlar / Sayı Kümeleri' olmalı.
meb-dort-dortluk-tyt-mat-sayi-kumeleri-test-3-03,Denklemler ve Eşitsizlikler,Temel Kavramlar / Sayı Kümeleri,HIGH,REMAP,3,/assets/meb-dort-dortluk-tyt-math-v11/meb-dort-dortluk-tyt-mat-sayi-kumeleri-test-3-03.jpg,student-ready,True,Kaynak chapter 'Sayı Kümeleri' olduğundan canonical konu 'Temel Kavramlar / Sayı Kümeleri' olmalı.
meb-dort-dortluk-tyt-mat-sayi-kumeleri-test-3-04,Denklemler ve Eşitsizlikler,Temel Kavramlar / Sayı Kümeleri,HIGH,REMAP,4,/assets/meb-dort-dortluk-tyt-math-v11/meb-dort-dortluk-tyt-mat-sayi-kumeleri-test-3-04.jpg,student-ready,True,Kaynak chapter 'Sayı Kümeleri' olduğundan canonical konu 'Temel Kavramlar / Sayı Kümeleri' olmalı.
meb-dort-dortluk-tyt-mat-sayi-kumeleri-test-3-05,Denklemler ve Eşitsizlikler,Temel Kavramlar / Sayı Kümeleri,HIGH,REMAP,5,/assets/meb-dort-dortluk-tyt-math-v11/meb-dort-dortluk-tyt-mat-sayi-kumeleri-test-3-05.jpg,student-ready,True,Kaynak chapter 'Sayı Kümeleri' olduğundan canonical konu 'Temel Kavramlar / Sayı Kümeleri' olmalı.
meb-dort-dortluk-tyt-mat-sayi-kumeleri-test-3-06,Denklemler ve Eşitsizlikler,Temel Kavramlar / Sayı Kümeleri,HIGH,REMAP,6,/assets/meb-dort-dortluk-tyt-math-v11/meb-dort-dortluk-tyt-mat-sayi-kumeleri-test-3-06.jpg,student-ready,True,Kaynak chapter 'Sayı Kümeleri' olduğundan canonical konu 'Temel Kavramlar / Sayı Kümeleri' olmalı.
meb-dort-dortluk-tyt-mat-sayi-kumeleri-test-3-07,Denklemler ve Eşitsizlikler,Temel Kavramlar / Sayı Kümeleri,HIGH,REMAP,7,/assets/meb-dort-dortluk-tyt-math-v11/meb-dort-dortluk-tyt-mat-sayi-kumeleri-test-3-07.jpg,student-ready,True,Kaynak chapter 'Sayı Kümeleri' olduğundan canonical konu 'Temel Kavramlar / Sayı Kümeleri' olmalı.
meb-dort-dortluk-tyt-mat-sayi-kumeleri-test-3-08,Denklemler ve Eşitsizlikler,Temel Kavramlar / Sayı Kümeleri,HIGH,REMAP,8,/assets/meb-dort-dortluk-tyt-math-v11/meb-dort-dortluk-tyt-mat-sayi-kumeleri-test-3-08.jpg,student-ready,True,Kaynak chapter 'Sayı Kümeleri' olduğundan canonical konu 'Temel Kavramlar / Sayı Kümeleri' olmalı.
meb-dort-dortluk-tyt-mat-sayi-kumeleri-test-3-09,Denklemler ve Eşitsizlikler,Temel Kavramlar / Sayı Kümeleri,HIGH,REMAP,9,/assets/meb-dort-dortluk-tyt-math-v11/meb-dort-dortluk-tyt-mat-sayi-kumeleri-test-3-09.jpg,student-ready,True,Kaynak chapter 'Sayı Kümeleri' olduğundan canonical konu 'Temel Kavramlar / Sayı Kümeleri' olmalı.
meb-dort-dortluk-tyt-mat-sayi-kumeleri-test-4-01,Denklemler ve Eşitsizlikler,Temel Kavramlar / Sayı Kümeleri,HIGH,REMAP,1,/assets/meb-dort-dortluk-tyt-math-v11/meb-dort-dortluk-tyt-mat-sayi-kumeleri-test-4-01.jpg,student-ready,True,Kaynak chapter 'Sayı Kümeleri' olduğundan canonical konu 'Temel Kavramlar / Sayı Kümeleri' olmalı.
meb-dort-dortluk-tyt-mat-sayi-kumeleri-test-4-02,Denklemler ve Eşitsizlikler,Temel Kavramlar / Sayı Kümeleri,HIGH,REMAP,2,/assets/meb-dort-dortluk-tyt-math-v11/meb-dort-dortluk-tyt-mat-sayi-kumeleri-test-4-02.jpg,student-ready,True,Kaynak chapter 'Sayı Kümeleri' olduğundan canonical konu 'Temel Kavramlar / Sayı Kümeleri' olmalı.
meb-dort-dortluk-tyt-mat-sayi-kumeleri-test-4-03,Denklemler ve Eşitsizlikler,Temel Kavramlar / Sayı Kümeleri,HIGH,REMAP,3,/assets/meb-dort-dortluk-tyt-math-v11/meb-dort-dortluk-tyt-mat-sayi-kumeleri-test-4-03.jpg,student-ready,True,Kaynak chapter 'Sayı Kümeleri' olduğundan canonical konu 'Temel Kavramlar / Sayı Kümeleri' olmalı.
meb-dort-dortluk-tyt-mat-sayi-kumeleri-test-4-04,Denklemler ve Eşitsizlikler,Temel Kavramlar / Sayı Kümeleri,HIGH,REMAP,4,/assets/meb-dort-dortluk-tyt-math-v11/meb-dort-dortluk-tyt-mat-sayi-kumeleri-test-4-04.jpg,student-ready,True,Kaynak chapter 'Sayı Kümeleri' olduğundan canonical konu 'Temel Kavramlar / Sayı Kümeleri' olmalı.
meb-dort-dortluk-tyt-mat-sayi-kumeleri-test-4-05,Denklemler ve Eşitsizlikler,Temel Kavramlar / Sayı Kümeleri,HIGH,REMAP,5,/assets/meb-dort-dortluk-tyt-math-v11/meb-dort-dortluk-tyt-mat-sayi-kumeleri-test-4-05.jpg,student-ready,True,Kaynak chapter 'Sayı Kümeleri' olduğundan canonical konu 'Temel Kavramlar / Sayı Kümeleri' olmalı.
meb-dort-dortluk-tyt-mat-sayi-kumeleri-test-4-06,Denklemler ve Eşitsizlikler,Temel Kavramlar / Sayı Kümeleri,HIGH,REMAP,6,/assets/meb-dort-dortluk-tyt-math-v11/meb-dort-dortluk-tyt-mat-sayi-kumeleri-test-4-06.jpg,student-ready,True,Kaynak chapter 'Sayı Kümeleri' olduğundan canonical konu 'Temel Kavramlar / Sayı Kümeleri' olmalı.
meb-dort-dortluk-tyt-mat-sayi-kumeleri-test-4-07,Denklemler ve Eşitsizlikler,Temel Kavramlar / Sayı Kümeleri,HIGH,REMAP,7,/assets/meb-dort-dortluk-tyt-math-v11/meb-dort-dortluk-tyt-mat-sayi-kumeleri-test-4-07.jpg,student-ready,True,Kaynak chapter 'Sayı Kümeleri' olduğundan canonical konu 'Temel Kavramlar / Sayı Kümeleri' olmalı.
meb-dort-dortluk-tyt-mat-sayi-kumeleri-test-4-08,Denklemler ve Eşitsizlikler,Temel Kavramlar / Sayı Kümeleri,HIGH,REMAP,8,/assets/meb-dort-dortluk-tyt-math-v11/meb-dort-dortluk-tyt-mat-sayi-kumeleri-test-4-08.jpg,student-ready,True,Kaynak chapter 'Sayı Kümeleri' olduğundan canonical konu 'Temel Kavramlar / Sayı Kümeleri' olmalı.
meb-dort-dortluk-tyt-mat-sayi-kumeleri-test-4-09,Denklemler ve Eşitsizlikler,Temel Kavramlar / Sayı Kümeleri,HIGH,REMAP,9,/assets/meb-dort-dortluk-tyt-math-v11/meb-dort-dortluk-tyt-mat-sayi-kumeleri-test-4-09.jpg,student-ready,True,Kaynak chapter 'Sayı Kümeleri' olduğundan canonical konu 'Temel Kavramlar / Sayı Kümeleri' olmalı.
meb-dort-dortluk-tyt-mat-sayi-kumeleri-test-4-10,Denklemler ve Eşitsizlikler,Temel Kavramlar / Sayı Kümeleri,HIGH,REMAP,10,/assets/meb-dort-dortluk-tyt-math-v11/meb-dort-dortluk-tyt-mat-sayi-kumeleri-test-4-10.jpg,student-ready,True,Kaynak chapter 'Sayı Kümeleri' olduğundan canonical konu 'Temel Kavramlar / Sayı Kümeleri' olmalı.
meb-dort-dortluk-tyt-mat-bolunebilme-kurallari-cozumlu-01,Denklemler ve Eşitsizlikler,Bölme - Bölünebilme Kuralları,HIGH,REMAP,1,/assets/meb-dort-dortluk-tyt-math-v11/meb-dort-dortluk-tyt-mat-bolunebilme-kurallari-cozumlu-01.jpg,pending-official-answer-verification,False,Kaynak chapter 'Bölünebilme Kuralları' olduğundan canonical konu 'Bölme - Bölünebilme Kuralları' olmalı.
meb-dort-dortluk-tyt-mat-bolunebilme-kurallari-cozumlu-02,Denklemler ve Eşitsizlikler,Bölme - Bölünebilme Kuralları,HIGH,REMAP,2,/assets/meb-dort-dortluk-tyt-math-v11/meb-dort-dortluk-tyt-mat-bolunebilme-kurallari-cozumlu-02.jpg,pending-official-answer-verification,False,Kaynak chapter 'Bölünebilme Kuralları' olduğundan canonical konu 'Bölme - Bölünebilme Kuralları' olmalı.
meb-dort-dortluk-tyt-mat-bolunebilme-kurallari-cozumlu-03,Denklemler ve Eşitsizlikler,Bölme - Bölünebilme Kuralları,HIGH,REMAP,3,/assets/meb-dort-dortluk-tyt-math-v11/meb-dort-dortluk-tyt-mat-bolunebilme-kurallari-cozumlu-03.jpg,pending-official-answer-verification,False,Kaynak chapter 'Bölünebilme Kuralları' olduğundan canonical konu 'Bölme - Bölünebilme Kuralları' olmalı.
meb-dort-dortluk-tyt-mat-bolunebilme-kurallari-cozumlu-04,Denklemler ve Eşitsizlikler,Bölme - Bölünebilme Kuralları,HIGH,REMAP,4,/assets/meb-dort-dortluk-tyt-math-v11/meb-dort-dortluk-tyt-mat-bolunebilme-kurallari-cozumlu-04.jpg,pending-official-answer-verification,False,Kaynak chapter 'Bölünebilme Kuralları' olduğundan canonical konu 'Bölme - Bölünebilme Kuralları' olmalı.
meb-dort-dortluk-tyt-mat-bolunebilme-kurallari-cozumlu-05,Denklemler ve Eşitsizlikler,Bölme - Bölünebilme Kuralları,HIGH,REMAP,5,/assets/meb-dort-dortluk-tyt-math-v11/meb-dort-dortluk-tyt-mat-bolunebilme-kurallari-cozumlu-05.jpg,pending-official-answer-verification,False,Kaynak chapter 'Bölünebilme Kuralları' olduğundan canonical konu 'Bölme - Bölünebilme Kuralları' olmalı.
meb-dort-dortluk-tyt-mat-bolunebilme-kurallari-cozumlu-06,Denklemler ve Eşitsizlikler,Bölme - Bölünebilme Kuralları,HIGH,REMAP,6,/assets/meb-dort-dortluk-tyt-math-v11/meb-dort-dortluk-tyt-mat-bolunebilme-kurallari-cozumlu-06.jpg,pending-official-answer-verification,False,Kaynak chapter 'Bölünebilme Kuralları' olduğundan canonical konu 'Bölme - Bölünebilme Kuralları' olmalı.
meb-dort-dortluk-tyt-mat-bolunebilme-kurallari-cozumlu-07,Denklemler ve Eşitsizlikler,Bölme - Bölünebilme Kuralları,HIGH,REMAP,7,/assets/meb-dort-dortluk-tyt-math-v11/meb-dort-dortluk-tyt-mat-bolunebilme-kurallari-cozumlu-07.jpg,pending-official-answer-verification,False,Kaynak chapter 'Bölünebilme Kuralları' olduğundan canonical konu 'Bölme - Bölünebilme Kuralları' olmalı.
meb-dort-dortluk-tyt-mat-bolunebilme-kurallari-cozumlu-08,Denklemler ve Eşitsizlikler,Bölme - Bölünebilme Kuralları,HIGH,REMAP,8,/assets/meb-dort-dortluk-tyt-math-v11/meb-dort-dortluk-tyt-mat-bolunebilme-kurallari-cozumlu-08.jpg,pending-official-answer-verification,False,Kaynak chapter 'Bölünebilme Kuralları' olduğundan canonical konu 'Bölme - Bölünebilme Kuralları' olmalı.
meb-dort-dortluk-tyt-mat-bolunebilme-kurallari-cozumlu-09,Denklemler ve Eşitsizlikler,Bölme - Bölünebilme Kuralları,HIGH,REMAP,9,/assets/meb-dort-dortluk-tyt-math-v11/meb-dort-dortluk-tyt-mat-bolunebilme-kurallari-cozumlu-09.jpg,pending-official-answer-verification,False,Kaynak chapter 'Bölünebilme Kuralları' olduğundan canonical konu 'Bölme - Bölünebilme Kuralları' olmalı.
meb-dort-dortluk-tyt-mat-bolunebilme-kurallari-cozumlu-10,Denklemler ve Eşitsizlikler,Bölme - Bölünebilme Kuralları,HIGH,REMAP,10,/assets/meb-dort-dortluk-tyt-math-v11/meb-dort-dortluk-tyt-mat-bolunebilme-kurallari-cozumlu-10.jpg,pending-official-answer-verification,False,Kaynak chapter 'Bölünebilme Kuralları' olduğundan canonical konu 'Bölme - Bölünebilme Kuralları' olmalı.
meb-dort-dortluk-tyt-mat-bolunebilme-kurallari-cozumlu-11,Denklemler ve Eşitsizlikler,Bölme - Bölünebilme Kuralları,HIGH,REMAP,11,/assets/meb-dort-dortluk-tyt-math-v11/meb-dort-dortluk-tyt-mat-bolunebilme-kurallari-cozumlu-11.jpg,pending-official-answer-verification,False,Kaynak chapter 'Bölünebilme Kuralları' olduğundan canonical konu 'Bölme - Bölünebilme Kuralları' olmalı.
meb-dort-dortluk-tyt-mat-bolunebilme-kurallari-cozumlu-12,Denklemler ve Eşitsizlikler,Bölme - Bölünebilme Kuralları,HIGH,REMAP,12,/assets/meb-dort-dortluk-tyt-math-v11/meb-dort-dortluk-tyt-mat-bolunebilme-kurallari-cozumlu-12.jpg,pending-official-answer-verification,False,Kaynak chapter 'Bölünebilme Kuralları' olduğundan canonical konu 'Bölme - Bölünebilme Kuralları' olmalı.
meb-dort-dortluk-tyt-mat-bolunebilme-kurallari-cozumlu-13,Denklemler ve Eşitsizlikler,Bölme - Bölünebilme Kuralları,HIGH,REMAP,13,/assets/meb-dort-dortluk-tyt-math-v11/meb-dort-dortluk-tyt-mat-bolunebilme-kurallari-cozumlu-13.jpg,pending-official-answer-verification,False,Kaynak chapter 'Bölünebilme Kuralları' olduğundan canonical konu 'Bölme - Bölünebilme Kuralları' olmalı.
meb-dort-dortluk-tyt-mat-bolunebilme-kurallari-cozumlu-14,Denklemler ve Eşitsizlikler,Bölme - Bölünebilme Kuralları,HIGH,REMAP,14,/assets/meb-dort-dortluk-tyt-math-v11/meb-dort-dortluk-tyt-mat-bolunebilme-kurallari-cozumlu-14.jpg,pending-official-answer-verification,False,Kaynak chapter 'Bölünebilme Kuralları' olduğundan canonical konu 'Bölme - Bölünebilme Kuralları' olmalı.
meb-dort-dortluk-tyt-mat-bolunebilme-kurallari-cozumlu-15,Denklemler ve Eşitsizlikler,Bölme - Bölünebilme Kuralları,HIGH,REMAP,15,/assets/meb-dort-dortluk-tyt-math-v11/meb-dort-dortluk-tyt-mat-bolunebilme-kurallari-cozumlu-15.jpg,pending-official-answer-verification,False,Kaynak chapter 'Bölünebilme Kuralları' olduğundan canonical konu 'Bölme - Bölünebilme Kuralları' olmalı.
meb-dort-dortluk-tyt-mat-bolunebilme-kurallari-cozumlu-16,Denklemler ve Eşitsizlikler,Bölme - Bölünebilme Kuralları,HIGH,REMAP,16,/assets/meb-dort-dortluk-tyt-math-v11/meb-dort-dortluk-tyt-mat-bolunebilme-kurallari-cozumlu-16.jpg,pending-official-answer-verification,False,Kaynak chapter 'Bölünebilme Kuralları' olduğundan canonical konu 'Bölme - Bölünebilme Kuralları' olmalı.
meb-dort-dortluk-tyt-mat-bolunebilme-kurallari-cozumlu-17,Denklemler ve Eşitsizlikler,Bölme - Bölünebilme Kuralları,HIGH,REMAP,17,/assets/meb-dort-dortluk-tyt-math-v11/meb-dort-dortluk-tyt-mat-bolunebilme-kurallari-cozumlu-17.jpg,pending-official-answer-verification,False,Kaynak chapter 'Bölünebilme Kuralları' olduğundan canonical konu 'Bölme - Bölünebilme Kuralları' olmalı.
meb-dort-dortluk-tyt-mat-bolunebilme-kurallari-cozumlu-18,Denklemler ve Eşitsizlikler,Bölme - Bölünebilme Kuralları,HIGH,REMAP,18,/assets/meb-dort-dortluk-tyt-math-v11/meb-dort-dortluk-tyt-mat-bolunebilme-kurallari-cozumlu-18.jpg,pending-official-answer-verification,False,Kaynak chapter 'Bölünebilme Kuralları' olduğundan canonical konu 'Bölme - Bölünebilme Kuralları' olmalı.
meb-dort-dortluk-tyt-mat-bolunebilme-kurallari-cozumlu-19,Denklemler ve Eşitsizlikler,Bölme - Bölünebilme Kuralları,HIGH,REMAP,19,/assets/meb-dort-dortluk-tyt-math-v11/meb-dort-dortluk-tyt-mat-bolunebilme-kurallari-cozumlu-19.jpg,pending-official-answer-verification,False,Kaynak chapter 'Bölünebilme Kuralları' olduğundan canonical konu 'Bölme - Bölünebilme Kuralları' olmalı.
meb-dort-dortluk-tyt-mat-bolunebilme-kurallari-cozumlu-20,Denklemler ve Eşitsizlikler,Bölme - Bölünebilme Kuralları,HIGH,REMAP,20,/assets/meb-dort-dortluk-tyt-math-v11/meb-dort-dortluk-tyt-mat-bolunebilme-kurallari-cozumlu-20.jpg,pending-official-answer-verification,False,Kaynak chapter 'Bölünebilme Kuralları' olduğundan canonical konu 'Bölme - Bölünebilme Kuralları' olmalı.
meb-dort-dortluk-tyt-mat-bolunebilme-kurallari-cozumlu-21,Denklemler ve Eşitsizlikler,Bölme - Bölünebilme Kuralları,HIGH,REMAP,21,/assets/meb-dort-dortluk-tyt-math-v11/meb-dort-dortluk-tyt-mat-bolunebilme-kurallari-cozumlu-21.jpg,pending-official-answer-verification,False,Kaynak chapter 'Bölünebilme Kuralları' olduğundan canonical konu 'Bölme - Bölünebilme Kuralları' olmalı.
meb-dort-dortluk-tyt-mat-bolunebilme-kurallari-cozumlu-22,Denklemler ve Eşitsizlikler,Bölme - Bölünebilme Kuralları,HIGH,REMAP,22,/assets/meb-dort-dortluk-tyt-math-v11/meb-dort-dortluk-tyt-mat-bolunebilme-kurallari-cozumlu-22.jpg,pending-official-answer-verification,False,Kaynak chapter 'Bölünebilme Kuralları' olduğundan canonical konu 'Bölme - Bölünebilme Kuralları' olmalı.
meb-dort-dortluk-tyt-mat-bolunebilme-kurallari-cozumlu-23,Denklemler ve Eşitsizlikler,Bölme - Bölünebilme Kuralları,HIGH,REMAP,23,/assets/meb-dort-dortluk-tyt-math-v11/meb-dort-dortluk-tyt-mat-bolunebilme-kurallari-cozumlu-23.jpg,pending-official-answer-verification,False,Kaynak chapter 'Bölünebilme Kuralları' olduğundan canonical konu 'Bölme - Bölünebilme Kuralları' olmalı.
meb-dort-dortluk-tyt-mat-bolunebilme-kurallari-test-1-01,Denklemler ve Eşitsizlikler,Bölme - Bölünebilme Kuralları,HIGH,REMAP,1,/assets/meb-dort-dortluk-tyt-math-v11/meb-dort-dortluk-tyt-mat-bolunebilme-kurallari-test-1-01.jpg,student-ready,True,Kaynak chapter 'Bölünebilme Kuralları' olduğundan canonical konu 'Bölme - Bölünebilme Kuralları' olmalı.
meb-dort-dortluk-tyt-mat-bolunebilme-kurallari-test-1-02,Denklemler ve Eşitsizlikler,Bölme - Bölünebilme Kuralları,HIGH,REMAP,2,/assets/meb-dort-dortluk-tyt-math-v11/meb-dort-dortluk-tyt-mat-bolunebilme-kurallari-test-1-02.jpg,student-ready,True,Kaynak chapter 'Bölünebilme Kuralları' olduğundan canonical konu 'Bölme - Bölünebilme Kuralları' olmalı.
meb-dort-dortluk-tyt-mat-bolunebilme-kurallari-test-1-03,Denklemler ve Eşitsizlikler,Bölme - Bölünebilme Kuralları,HIGH,REMAP,3,/assets/meb-dort-dortluk-tyt-math-v11/meb-dort-dortluk-tyt-mat-bolunebilme-kurallari-test-1-03.jpg,student-ready,True,Kaynak chapter 'Bölünebilme Kuralları' olduğundan canonical konu 'Bölme - Bölünebilme Kuralları' olmalı.
meb-dort-dortluk-tyt-mat-bolunebilme-kurallari-test-1-04,Denklemler ve Eşitsizlikler,Bölme - Bölünebilme Kuralları,HIGH,REMAP,4,/assets/meb-dort-dortluk-tyt-math-v11/meb-dort-dortluk-tyt-mat-bolunebilme-kurallari-test-1-04.jpg,student-ready,True,Kaynak chapter 'Bölünebilme Kuralları' olduğundan canonical konu 'Bölme - Bölünebilme Kuralları' olmalı.
meb-dort-dortluk-tyt-mat-bolunebilme-kurallari-test-1-05,Denklemler ve Eşitsizlikler,Bölme - Bölünebilme Kuralları,HIGH,REMAP,5,/assets/meb-dort-dortluk-tyt-math-v11/meb-dort-dortluk-tyt-mat-bolunebilme-kurallari-test-1-05.jpg,student-ready,True,Kaynak chapter 'Bölünebilme Kuralları' olduğundan canonical konu 'Bölme - Bölünebilme Kuralları' olmalı.
meb-dort-dortluk-tyt-mat-bolunebilme-kurallari-test-1-06,Denklemler ve Eşitsizlikler,Bölme - Bölünebilme Kuralları,HIGH,REMAP,6,/assets/meb-dort-dortluk-tyt-math-v11/meb-dort-dortluk-tyt-mat-bolunebilme-kurallari-test-1-06.jpg,student-ready,True,Kaynak chapter 'Bölünebilme Kuralları' olduğundan canonical konu 'Bölme - Bölünebilme Kuralları' olmalı.
meb-dort-dortluk-tyt-mat-bolunebilme-kurallari-test-1-07,Denklemler ve Eşitsizlikler,Bölme - Bölünebilme Kuralları,HIGH,REMAP,7,/assets/meb-dort-dortluk-tyt-math-v11/meb-dort-dortluk-tyt-mat-bolunebilme-kurallari-test-1-07.jpg,student-ready,True,Kaynak chapter 'Bölünebilme Kuralları' olduğundan canonical konu 'Bölme - Bölünebilme Kuralları' olmalı.
meb-dort-dortluk-tyt-mat-bolunebilme-kurallari-test-1-08,Denklemler ve Eşitsizlikler,Bölme - Bölünebilme Kuralları,HIGH,REMAP,8,/assets/meb-dort-dortluk-tyt-math-v11/meb-dort-dortluk-tyt-mat-bolunebilme-kurallari-test-1-08.jpg,student-ready,True,Kaynak chapter 'Bölünebilme Kuralları' olduğundan canonical konu 'Bölme - Bölünebilme Kuralları' olmalı.
meb-dort-dortluk-tyt-mat-bolunebilme-kurallari-test-1-09,Denklemler ve Eşitsizlikler,Bölme - Bölünebilme Kuralları,HIGH,REMAP,9,/assets/meb-dort-dortluk-tyt-math-v11/meb-dort-dortluk-tyt-mat-bolunebilme-kurallari-test-1-09.jpg,student-ready,True,Kaynak chapter 'Bölünebilme Kuralları' olduğundan canonical konu 'Bölme - Bölünebilme Kuralları' olmalı.
meb-dort-dortluk-tyt-mat-bolunebilme-kurallari-test-1-10,Denklemler ve Eşitsizlikler,Bölme - Bölünebilme Kuralları,HIGH,REMAP,10,/assets/meb-dort-dortluk-tyt-math-v11/meb-dort-dortluk-tyt-mat-bolunebilme-kurallari-test-1-10.jpg,student-ready,True,Kaynak chapter 'Bölünebilme Kuralları' olduğundan canonical konu 'Bölme - Bölünebilme Kuralları' olmalı.
meb-dort-dortluk-tyt-mat-bolunebilme-kurallari-test-1-11,Denklemler ve Eşitsizlikler,Bölme - Bölünebilme Kuralları,HIGH,REMAP,11,/assets/meb-dort-dortluk-tyt-math-v11/meb-dort-dortluk-tyt-mat-bolunebilme-kurallari-test-1-11.jpg,student-ready,True,Kaynak chapter 'Bölünebilme Kuralları' olduğundan canonical konu 'Bölme - Bölünebilme Kuralları' olmalı.
meb-dort-dortluk-tyt-mat-bolunebilme-kurallari-test-1-12,Denklemler ve Eşitsizlikler,Bölme - Bölünebilme Kuralları,HIGH,REMAP,12,/assets/meb-dort-dortluk-tyt-math-v11/meb-dort-dortluk-tyt-mat-bolunebilme-kurallari-test-1-12.jpg,student-ready,True,Kaynak chapter 'Bölünebilme Kuralları' olduğundan canonical konu 'Bölme - Bölünebilme Kuralları' olmalı.
meb-dort-dortluk-tyt-mat-bolunebilme-kurallari-test-2-01,Denklemler ve Eşitsizlikler,Bölme - Bölünebilme Kuralları,HIGH,REMAP,1,/assets/meb-dort-dortluk-tyt-math-v11/meb-dort-dortluk-tyt-mat-bolunebilme-kurallari-test-2-01.jpg,student-ready,True,Kaynak chapter 'Bölünebilme Kuralları' olduğundan canonical konu 'Bölme - Bölünebilme Kuralları' olmalı.
meb-dort-dortluk-tyt-mat-bolunebilme-kurallari-test-2-02,Denklemler ve Eşitsizlikler,Bölme - Bölünebilme Kuralları,HIGH,REMAP,2,/assets/meb-dort-dortluk-tyt-math-v11/meb-dort-dortluk-tyt-mat-bolunebilme-kurallari-test-2-02.jpg,student-ready,True,Kaynak chapter 'Bölünebilme Kuralları' olduğundan canonical konu 'Bölme - Bölünebilme Kuralları' olmalı.
meb-dort-dortluk-tyt-mat-bolunebilme-kurallari-test-2-03,Denklemler ve Eşitsizlikler,Bölme - Bölünebilme Kuralları,HIGH,REMAP,3,/assets/meb-dort-dortluk-tyt-math-v11/meb-dort-dortluk-tyt-mat-bolunebilme-kurallari-test-2-03.jpg,student-ready,True,Kaynak chapter 'Bölünebilme Kuralları' olduğundan canonical konu 'Bölme - Bölünebilme Kuralları' olmalı.
meb-dort-dortluk-tyt-mat-bolunebilme-kurallari-test-2-04,Denklemler ve Eşitsizlikler,Bölme - Bölünebilme Kuralları,HIGH,REMAP,4,/assets/meb-dort-dortluk-tyt-math-v11/meb-dort-dortluk-tyt-mat-bolunebilme-kurallari-test-2-04.jpg,student-ready,True,Kaynak chapter 'Bölünebilme Kuralları' olduğundan canonical konu 'Bölme - Bölünebilme Kuralları' olmalı.
meb-dort-dortluk-tyt-mat-bolunebilme-kurallari-test-2-05,Denklemler ve Eşitsizlikler,Bölme - Bölünebilme Kuralları,HIGH,REMAP,5,/assets/meb-dort-dortluk-tyt-math-v11/meb-dort-dortluk-tyt-mat-bolunebilme-kurallari-test-2-05.jpg,student-ready,True,Kaynak chapter 'Bölünebilme Kuralları' olduğundan canonical konu 'Bölme - Bölünebilme Kuralları' olmalı.
meb-dort-dortluk-tyt-mat-bolunebilme-kurallari-test-2-06,Denklemler ve Eşitsizlikler,Bölme - Bölünebilme Kuralları,HIGH,REMAP,6,/assets/meb-dort-dortluk-tyt-math-v11/meb-dort-dortluk-tyt-mat-bolunebilme-kurallari-test-2-06.jpg,student-ready,True,Kaynak chapter 'Bölünebilme Kuralları' olduğundan canonical konu 'Bölme - Bölünebilme Kuralları' olmalı.
meb-dort-dortluk-tyt-mat-bolunebilme-kurallari-test-2-07,Denklemler ve Eşitsizlikler,Bölme - Bölünebilme Kuralları,HIGH,REMAP,7,/assets/meb-dort-dortluk-tyt-math-v11/meb-dort-dortluk-tyt-mat-bolunebilme-kurallari-test-2-07.jpg,student-ready,True,Kaynak chapter 'Bölünebilme Kuralları' olduğundan canonical konu 'Bölme - Bölünebilme Kuralları' olmalı.
meb-dort-dortluk-tyt-mat-bolunebilme-kurallari-test-2-08,Denklemler ve Eşitsizlikler,Bölme - Bölünebilme Kuralları,HIGH,REMAP,8,/assets/meb-dort-dortluk-tyt-math-v11/meb-dort-dortluk-tyt-mat-bolunebilme-kurallari-test-2-08.jpg,student-ready,True,Kaynak chapter 'Bölünebilme Kuralları' olduğundan canonical konu 'Bölme - Bölünebilme Kuralları' olmalı.
meb-dort-dortluk-tyt-mat-bolunebilme-kurallari-test-2-09,Denklemler ve Eşitsizlikler,Bölme - Bölünebilme Kuralları,HIGH,REMAP,9,/assets/meb-dort-dortluk-tyt-math-v11/meb-dort-dortluk-tyt-mat-bolunebilme-kurallari-test-2-09.jpg,student-ready,True,Kaynak chapter 'Bölünebilme Kuralları' olduğundan canonical konu 'Bölme - Bölünebilme Kuralları' olmalı.
meb-dort-dortluk-tyt-mat-bolunebilme-kurallari-test-2-10,Denklemler ve Eşitsizlikler,Bölme - Bölünebilme Kuralları,HIGH,REMAP,10,/assets/meb-dort-dortluk-tyt-math-v11/meb-dort-dortluk-tyt-mat-bolunebilme-kurallari-test-2-10.jpg,student-ready,True,Kaynak chapter 'Bölünebilme Kuralları' olduğundan canonical konu 'Bölme - Bölünebilme Kuralları' olmalı.
meb-dort-dortluk-tyt-mat-bolunebilme-kurallari-test-2-11,Denklemler ve Eşitsizlikler,Bölme - Bölünebilme Kuralları,HIGH,REMAP,11,/assets/meb-dort-dortluk-tyt-math-v11/meb-dort-dortluk-tyt-mat-bolunebilme-kurallari-test-2-11.jpg,student-ready,True,Kaynak chapter 'Bölünebilme Kuralları' olduğundan canonical konu 'Bölme - Bölünebilme Kuralları' olmalı.
meb-dort-dortluk-tyt-mat-bolunebilme-kurallari-test-2-12,Denklemler ve Eşitsizlikler,Bölme - Bölünebilme Kuralları,HIGH,REMAP,12,/assets/meb-dort-dortluk-tyt-math-v11/meb-dort-dortluk-tyt-mat-bolunebilme-kurallari-test-2-12.jpg,student-ready,True,Kaynak chapter 'Bölünebilme Kuralları' olduğundan canonical konu 'Bölme - Bölünebilme Kuralları' olmalı.
meb-dort-dortluk-tyt-mat-bolunebilme-kurallari-test-3-01,Denklemler ve Eşitsizlikler,Bölme - Bölünebilme Kuralları,HIGH,REMAP,1,/assets/meb-dort-dortluk-tyt-math-v11/meb-dort-dortluk-tyt-mat-bolunebilme-kurallari-test-3-01.jpg,student-ready,True,Kaynak chapter 'Bölünebilme Kuralları' olduğundan canonical konu 'Bölme - Bölünebilme Kuralları' olmalı.
meb-dort-dortluk-tyt-mat-bolunebilme-kurallari-test-3-02,Denklemler ve Eşitsizlikler,Bölme - Bölünebilme Kuralları,HIGH,REMAP,2,/assets/meb-dort-dortluk-tyt-math-v11/meb-dort-dortluk-tyt-mat-bolunebilme-kurallari-test-3-02.jpg,student-ready,True,Kaynak chapter 'Bölünebilme Kuralları' olduğundan canonical konu 'Bölme - Bölünebilme Kuralları' olmalı.
meb-dort-dortluk-tyt-mat-bolunebilme-kurallari-test-3-03,Denklemler ve Eşitsizlikler,Bölme - Bölünebilme Kuralları,HIGH,REMAP,3,/assets/meb-dort-dortluk-tyt-math-v11/meb-dort-dortluk-tyt-mat-bolunebilme-kurallari-test-3-03.jpg,student-ready,True,Kaynak chapter 'Bölünebilme Kuralları' olduğundan canonical konu 'Bölme - Bölünebilme Kuralları' olmalı.
meb-dort-dortluk-tyt-mat-bolunebilme-kurallari-test-3-04,Denklemler ve Eşitsizlikler,Bölme - Bölünebilme Kuralları,HIGH,REMAP,4,/assets/meb-dort-dortluk-tyt-math-v11/meb-dort-dortluk-tyt-mat-bolunebilme-kurallari-test-3-04.jpg,student-ready,True,Kaynak chapter 'Bölünebilme Kuralları' olduğundan canonical konu 'Bölme - Bölünebilme Kuralları' olmalı.
meb-dort-dortluk-tyt-mat-bolunebilme-kurallari-test-3-05,Denklemler ve Eşitsizlikler,Bölme - Bölünebilme Kuralları,HIGH,REMAP,5,/assets/meb-dort-dortluk-tyt-math-v11/meb-dort-dortluk-tyt-mat-bolunebilme-kurallari-test-3-05.jpg,student-ready,True,Kaynak chapter 'Bölünebilme Kuralları' olduğundan canonical konu 'Bölme - Bölünebilme Kuralları' olmalı.
meb-dort-dortluk-tyt-mat-bolunebilme-kurallari-test-3-06,Denklemler ve Eşitsizlikler,Bölme - Bölünebilme Kuralları,HIGH,REMAP,6,/assets/meb-dort-dortluk-tyt-math-v11/meb-dort-dortluk-tyt-mat-bolunebilme-kurallari-test-3-06.jpg,student-ready,True,Kaynak chapter 'Bölünebilme Kuralları' olduğundan canonical konu 'Bölme - Bölünebilme Kuralları' olmalı.
meb-dort-dortluk-tyt-mat-bolunebilme-kurallari-test-3-07,Denklemler ve Eşitsizlikler,Bölme - Bölünebilme Kuralları,HIGH,REMAP,7,/assets/meb-dort-dortluk-tyt-math-v11/meb-dort-dortluk-tyt-mat-bolunebilme-kurallari-test-3-07.jpg,student-ready,True,Kaynak chapter 'Bölünebilme Kuralları' olduğundan canonical konu 'Bölme - Bölünebilme Kuralları' olmalı.
meb-dort-dortluk-tyt-mat-bolunebilme-kurallari-test-3-08,Denklemler ve Eşitsizlikler,Bölme - Bölünebilme Kuralları,HIGH,REMAP,8,/assets/meb-dort-dortluk-tyt-math-v11/meb-dort-dortluk-tyt-mat-bolunebilme-kurallari-test-3-08.jpg,student-ready,True,Kaynak chapter 'Bölünebilme Kuralları' olduğundan canonical konu 'Bölme - Bölünebilme Kuralları' olmalı.
meb-dort-dortluk-tyt-mat-bolunebilme-kurallari-test-4-01,Denklemler ve Eşitsizlikler,Bölme - Bölünebilme Kuralları,HIGH,REMAP,1,/assets/meb-dort-dortluk-tyt-math-v11/meb-dort-dortluk-tyt-mat-bolunebilme-kurallari-test-4-01.jpg,student-ready,True,Kaynak chapter 'Bölünebilme Kuralları' olduğundan canonical konu 'Bölme - Bölünebilme Kuralları' olmalı.
meb-dort-dortluk-tyt-mat-bolunebilme-kurallari-test-4-02,Denklemler ve Eşitsizlikler,Bölme - Bölünebilme Kuralları,HIGH,REMAP,2,/assets/meb-dort-dortluk-tyt-math-v11/meb-dort-dortluk-tyt-mat-bolunebilme-kurallari-test-4-02.jpg,student-ready,True,Kaynak chapter 'Bölünebilme Kuralları' olduğundan canonical konu 'Bölme - Bölünebilme Kuralları' olmalı.
meb-dort-dortluk-tyt-mat-bolunebilme-kurallari-test-4-03,Denklemler ve Eşitsizlikler,Bölme - Bölünebilme Kuralları,HIGH,REMAP,3,/assets/meb-dort-dortluk-tyt-math-v11/meb-dort-dortluk-tyt-mat-bolunebilme-kurallari-test-4-03.jpg,student-ready,True,Kaynak chapter 'Bölünebilme Kuralları' olduğundan canonical konu 'Bölme - Bölünebilme Kuralları' olmalı.
meb-dort-dortluk-tyt-mat-bolunebilme-kurallari-test-4-04,Denklemler ve Eşitsizlikler,Bölme - Bölünebilme Kuralları,HIGH,REMAP,4,/assets/meb-dort-dortluk-tyt-math-v11/meb-dort-dortluk-tyt-mat-bolunebilme-kurallari-test-4-04.jpg,student-ready,True,Kaynak chapter 'Bölünebilme Kuralları' olduğundan canonical konu 'Bölme - Bölünebilme Kuralları' olmalı.
meb-dort-dortluk-tyt-mat-bolunebilme-kurallari-test-4-05,Denklemler ve Eşitsizlikler,Bölme - Bölünebilme Kuralları,HIGH,REMAP,5,/assets/meb-dort-dortluk-tyt-math-v11/meb-dort-dortluk-tyt-mat-bolunebilme-kurallari-test-4-05.jpg,student-ready,True,Kaynak chapter 'Bölünebilme Kuralları' olduğundan canonical konu 'Bölme - Bölünebilme Kuralları' olmalı.
meb-dort-dortluk-tyt-mat-bolunebilme-kurallari-test-4-06,Denklemler ve Eşitsizlikler,Bölme - Bölünebilme Kuralları,HIGH,REMAP,6,/assets/meb-dort-dortluk-tyt-math-v11/meb-dort-dortluk-tyt-mat-bolunebilme-kurallari-test-4-06.jpg,student-ready,True,Kaynak chapter 'Bölünebilme Kuralları' olduğundan canonical konu 'Bölme - Bölünebilme Kuralları' olmalı.
meb-dort-dortluk-tyt-mat-bolunebilme-kurallari-test-4-07,Denklemler ve Eşitsizlikler,Bölme - Bölünebilme Kuralları,HIGH,REMAP,7,/assets/meb-dort-dortluk-tyt-math-v11/meb-dort-dortluk-tyt-mat-bolunebilme-kurallari-test-4-07.jpg,student-ready,True,Kaynak chapter 'Bölünebilme Kuralları' olduğundan canonical konu 'Bölme - Bölünebilme Kuralları' olmalı.
meb-dort-dortluk-tyt-mat-bolunebilme-kurallari-test-4-08,Denklemler ve Eşitsizlikler,Bölme - Bölünebilme Kuralları,HIGH,REMAP,8,/assets/meb-dort-dortluk-tyt-math-v11/meb-dort-dortluk-tyt-mat-bolunebilme-kurallari-test-4-08.jpg,student-ready,True,Kaynak chapter 'Bölünebilme Kuralları' olduğundan canonical konu 'Bölme - Bölünebilme Kuralları' olmalı.
meb-dort-dortluk-tyt-mat-uslu-ifadeler-ve-denklemler-cozumlu-01,Denklemler ve Eşitsizlikler,Üslü İfadeler,HIGH,REMAP,1,/assets/meb-dort-dortluk-tyt-math-v11/meb-dort-dortluk-tyt-mat-uslu-ifadeler-ve-denklemler-cozumlu-01.jpg,pending-official-answer-verification,False,Kaynak chapter 'Üslü İfadeler ve Denklemler' olduğundan canonical konu 'Üslü İfadeler' olmalı.
meb-dort-dortluk-tyt-mat-uslu-ifadeler-ve-denklemler-cozumlu-02,Denklemler ve Eşitsizlikler,Üslü İfadeler,HIGH,REMAP,2,/assets/meb-dort-dortluk-tyt-math-v11/meb-dort-dortluk-tyt-mat-uslu-ifadeler-ve-denklemler-cozumlu-02.jpg,pending-official-answer-verification,False,Kaynak chapter 'Üslü İfadeler ve Denklemler' olduğundan canonical konu 'Üslü İfadeler' olmalı.
meb-dort-dortluk-tyt-mat-uslu-ifadeler-ve-denklemler-cozumlu-03,Denklemler ve Eşitsizlikler,Üslü İfadeler,HIGH,REMAP,3,/assets/meb-dort-dortluk-tyt-math-v11/meb-dort-dortluk-tyt-mat-uslu-ifadeler-ve-denklemler-cozumlu-03.jpg,pending-official-answer-verification,False,Kaynak chapter 'Üslü İfadeler ve Denklemler' olduğundan canonical konu 'Üslü İfadeler' olmalı.
meb-dort-dortluk-tyt-mat-uslu-ifadeler-ve-denklemler-cozumlu-04,Denklemler ve Eşitsizlikler,Üslü İfadeler,HIGH,REMAP,4,/assets/meb-dort-dortluk-tyt-math-v11/meb-dort-dortluk-tyt-mat-uslu-ifadeler-ve-denklemler-cozumlu-04.jpg,pending-official-answer-verification,False,Kaynak chapter 'Üslü İfadeler ve Denklemler' olduğundan canonical konu 'Üslü İfadeler' olmalı.
meb-dort-dortluk-tyt-mat-uslu-ifadeler-ve-denklemler-cozumlu-05,Denklemler ve Eşitsizlikler,Üslü İfadeler,HIGH,REMAP,5,/assets/meb-dort-dortluk-tyt-math-v11/meb-dort-dortluk-tyt-mat-uslu-ifadeler-ve-denklemler-cozumlu-05.jpg,pending-official-answer-verification,False,Kaynak chapter 'Üslü İfadeler ve Denklemler' olduğundan canonical konu 'Üslü İfadeler' olmalı.
meb-dort-dortluk-tyt-mat-uslu-ifadeler-ve-denklemler-cozumlu-06,Denklemler ve Eşitsizlikler,Üslü İfadeler,HIGH,REMAP,6,/assets/meb-dort-dortluk-tyt-math-v11/meb-dort-dortluk-tyt-mat-uslu-ifadeler-ve-denklemler-cozumlu-06.jpg,pending-official-answer-verification,False,Kaynak chapter 'Üslü İfadeler ve Denklemler' olduğundan canonical konu 'Üslü İfadeler' olmalı.
meb-dort-dortluk-tyt-mat-uslu-ifadeler-ve-denklemler-cozumlu-07,Denklemler ve Eşitsizlikler,Üslü İfadeler,HIGH,REMAP,7,/assets/meb-dort-dortluk-tyt-math-v11/meb-dort-dortluk-tyt-mat-uslu-ifadeler-ve-denklemler-cozumlu-07.jpg,pending-official-answer-verification,False,Kaynak chapter 'Üslü İfadeler ve Denklemler' olduğundan canonical konu 'Üslü İfadeler' olmalı.
meb-dort-dortluk-tyt-mat-uslu-ifadeler-ve-denklemler-cozumlu-08,Denklemler ve Eşitsizlikler,Üslü İfadeler,HIGH,REMAP,8,/assets/meb-dort-dortluk-tyt-math-v11/meb-dort-dortluk-tyt-mat-uslu-ifadeler-ve-denklemler-cozumlu-08.jpg,pending-official-answer-verification,False,Kaynak chapter 'Üslü İfadeler ve Denklemler' olduğundan canonical konu 'Üslü İfadeler' olmalı.
meb-dort-dortluk-tyt-mat-uslu-ifadeler-ve-denklemler-cozumlu-09,Denklemler ve Eşitsizlikler,Üslü İfadeler,HIGH,REMAP,9,/assets/meb-dort-dortluk-tyt-math-v11/meb-dort-dortluk-tyt-mat-uslu-ifadeler-ve-denklemler-cozumlu-09.jpg,pending-official-answer-verification,False,Kaynak chapter 'Üslü İfadeler ve Denklemler' olduğundan canonical konu 'Üslü İfadeler' olmalı.
meb-dort-dortluk-tyt-mat-uslu-ifadeler-ve-denklemler-cozumlu-10,Denklemler ve Eşitsizlikler,Üslü İfadeler,HIGH,REMAP,10,/assets/meb-dort-dortluk-tyt-math-v11/meb-dort-dortluk-tyt-mat-uslu-ifadeler-ve-denklemler-cozumlu-10.jpg,pending-official-answer-verification,False,Kaynak chapter 'Üslü İfadeler ve Denklemler' olduğundan canonical konu 'Üslü İfadeler' olmalı.
meb-dort-dortluk-tyt-mat-uslu-ifadeler-ve-denklemler-cozumlu-11,Denklemler ve Eşitsizlikler,Üslü İfadeler,HIGH,REMAP,11,/assets/meb-dort-dortluk-tyt-math-v11/meb-dort-dortluk-tyt-mat-uslu-ifadeler-ve-denklemler-cozumlu-11.jpg,pending-official-answer-verification,False,Kaynak chapter 'Üslü İfadeler ve Denklemler' olduğundan canonical konu 'Üslü İfadeler' olmalı.
meb-dort-dortluk-tyt-mat-uslu-ifadeler-ve-denklemler-cozumlu-12,Denklemler ve Eşitsizlikler,Üslü İfadeler,HIGH,REMAP,12,/assets/meb-dort-dortluk-tyt-math-v11/meb-dort-dortluk-tyt-mat-uslu-ifadeler-ve-denklemler-cozumlu-12.jpg,pending-official-answer-verification,False,Kaynak chapter 'Üslü İfadeler ve Denklemler' olduğundan canonical konu 'Üslü İfadeler' olmalı.
meb-dort-dortluk-tyt-mat-uslu-ifadeler-ve-denklemler-cozumlu-13,Denklemler ve Eşitsizlikler,Üslü İfadeler,HIGH,REMAP,13,/assets/meb-dort-dortluk-tyt-math-v11/meb-dort-dortluk-tyt-mat-uslu-ifadeler-ve-denklemler-cozumlu-13.jpg,pending-official-answer-verification,False,Kaynak chapter 'Üslü İfadeler ve Denklemler' olduğundan canonical konu 'Üslü İfadeler' olmalı.
meb-dort-dortluk-tyt-mat-uslu-ifadeler-ve-denklemler-cozumlu-14,Denklemler ve Eşitsizlikler,Üslü İfadeler,HIGH,REMAP,14,/assets/meb-dort-dortluk-tyt-math-v11/meb-dort-dortluk-tyt-mat-uslu-ifadeler-ve-denklemler-cozumlu-14.jpg,pending-official-answer-verification,False,Kaynak chapter 'Üslü İfadeler ve Denklemler' olduğundan canonical konu 'Üslü İfadeler' olmalı.
meb-dort-dortluk-tyt-mat-uslu-ifadeler-ve-denklemler-cozumlu-15,Denklemler ve Eşitsizlikler,Üslü İfadeler,HIGH,REMAP,15,/assets/meb-dort-dortluk-tyt-math-v11/meb-dort-dortluk-tyt-mat-uslu-ifadeler-ve-denklemler-cozumlu-15.jpg,pending-official-answer-verification,False,Kaynak chapter 'Üslü İfadeler ve Denklemler' olduğundan canonical konu 'Üslü İfadeler' olmalı.
meb-dort-dortluk-tyt-mat-uslu-ifadeler-ve-denklemler-cozumlu-16,Denklemler ve Eşitsizlikler,Üslü İfadeler,HIGH,REMAP,16,/assets/meb-dort-dortluk-tyt-math-v11/meb-dort-dortluk-tyt-mat-uslu-ifadeler-ve-denklemler-cozumlu-16.jpg,pending-official-answer-verification,False,Kaynak chapter 'Üslü İfadeler ve Denklemler' olduğundan canonical konu 'Üslü İfadeler' olmalı.
meb-dort-dortluk-tyt-mat-uslu-ifadeler-ve-denklemler-cozumlu-17,Denklemler ve Eşitsizlikler,Üslü İfadeler,HIGH,REMAP,17,/assets/meb-dort-dortluk-tyt-math-v11/meb-dort-dortluk-tyt-mat-uslu-ifadeler-ve-denklemler-cozumlu-17.jpg,pending-official-answer-verification,False,Kaynak chapter 'Üslü İfadeler ve Denklemler' olduğundan canonical konu 'Üslü İfadeler' olmalı.
meb-dort-dortluk-tyt-mat-uslu-ifadeler-ve-denklemler-cozumlu-18,Denklemler ve Eşitsizlikler,Üslü İfadeler,HIGH,REMAP,18,/assets/meb-dort-dortluk-tyt-math-v11/meb-dort-dortluk-tyt-mat-uslu-ifadeler-ve-denklemler-cozumlu-18.jpg,pending-official-answer-verification,False,Kaynak chapter 'Üslü İfadeler ve Denklemler' olduğundan canonical konu 'Üslü İfadeler' olmalı.
meb-dort-dortluk-tyt-mat-uslu-ifadeler-ve-denklemler-cozumlu-19,Denklemler ve Eşitsizlikler,Üslü İfadeler,HIGH,REMAP,19,/assets/meb-dort-dortluk-tyt-math-v11/meb-dort-dortluk-tyt-mat-uslu-ifadeler-ve-denklemler-cozumlu-19.jpg,pending-official-answer-verification,False,Kaynak chapter 'Üslü İfadeler ve Denklemler' olduğundan canonical konu 'Üslü İfadeler' olmalı.
meb-dort-dortluk-tyt-mat-uslu-ifadeler-ve-denklemler-cozumlu-20,Denklemler ve Eşitsizlikler,Üslü İfadeler,HIGH,REMAP,20,/assets/meb-dort-dortluk-tyt-math-v11/meb-dort-dortluk-tyt-mat-uslu-ifadeler-ve-denklemler-cozumlu-20.jpg,pending-official-answer-verification,False,Kaynak chapter 'Üslü İfadeler ve Denklemler' olduğundan canonical konu 'Üslü İfadeler' olmalı.
meb-dort-dortluk-tyt-mat-uslu-ifadeler-ve-denklemler-cozumlu-21,Denklemler ve Eşitsizlikler,Üslü İfadeler,HIGH,REMAP,21,/assets/meb-dort-dortluk-tyt-math-v11/meb-dort-dortluk-tyt-mat-uslu-ifadeler-ve-denklemler-cozumlu-21.jpg,pending-official-answer-verification,False,Kaynak chapter 'Üslü İfadeler ve Denklemler' olduğundan canonical konu 'Üslü İfadeler' olmalı.
meb-dort-dortluk-tyt-mat-uslu-ifadeler-ve-denklemler-cozumlu-22,Denklemler ve Eşitsizlikler,Üslü İfadeler,HIGH,REMAP,22,/assets/meb-dort-dortluk-tyt-math-v11/meb-dort-dortluk-tyt-mat-uslu-ifadeler-ve-denklemler-cozumlu-22.jpg,pending-official-answer-verification,False,Kaynak chapter 'Üslü İfadeler ve Denklemler' olduğundan canonical konu 'Üslü İfadeler' olmalı.
meb-dort-dortluk-tyt-mat-uslu-ifadeler-ve-denklemler-cozumlu-23,Denklemler ve Eşitsizlikler,Üslü İfadeler,HIGH,REMAP,23,/assets/meb-dort-dortluk-tyt-math-v11/meb-dort-dortluk-tyt-mat-uslu-ifadeler-ve-denklemler-cozumlu-23.jpg,pending-official-answer-verification,False,Kaynak chapter 'Üslü İfadeler ve Denklemler' olduğundan canonical konu 'Üslü İfadeler' olmalı.
meb-dort-dortluk-tyt-mat-uslu-ifadeler-ve-denklemler-cozumlu-24,Denklemler ve Eşitsizlikler,Üslü İfadeler,HIGH,REMAP,24,/assets/meb-dort-dortluk-tyt-math-v11/meb-dort-dortluk-tyt-mat-uslu-ifadeler-ve-denklemler-cozumlu-24.jpg,pending-official-answer-verification,False,Kaynak chapter 'Üslü İfadeler ve Denklemler' olduğundan canonical konu 'Üslü İfadeler' olmalı.
meb-dort-dortluk-tyt-mat-uslu-ifadeler-ve-denklemler-cozumlu-25,Denklemler ve Eşitsizlikler,Üslü İfadeler,HIGH,REMAP,25,/assets/meb-dort-dortluk-tyt-math-v11/meb-dort-dortluk-tyt-mat-uslu-ifadeler-ve-denklemler-cozumlu-25.jpg,pending-official-answer-verification,False,Kaynak chapter 'Üslü İfadeler ve Denklemler' olduğundan canonical konu 'Üslü İfadeler' olmalı.
meb-dort-dortluk-tyt-mat-uslu-ifadeler-ve-denklemler-cozumlu-26,Denklemler ve Eşitsizlikler,Üslü İfadeler,HIGH,REMAP,26,/assets/meb-dort-dortluk-tyt-math-v11/meb-dort-dortluk-tyt-mat-uslu-ifadeler-ve-denklemler-cozumlu-26.jpg,pending-official-answer-verification,False,Kaynak chapter 'Üslü İfadeler ve Denklemler' olduğundan canonical konu 'Üslü İfadeler' olmalı.
meb-dort-dortluk-tyt-mat-uslu-ifadeler-ve-denklemler-cozumlu-27,Denklemler ve Eşitsizlikler,Üslü İfadeler,HIGH,REMAP,27,/assets/meb-dort-dortluk-tyt-math-v11/meb-dort-dortluk-tyt-mat-uslu-ifadeler-ve-denklemler-cozumlu-27.jpg,pending-official-answer-verification,False,Kaynak chapter 'Üslü İfadeler ve Denklemler' olduğundan canonical konu 'Üslü İfadeler' olmalı.
meb-dort-dortluk-tyt-mat-uslu-ifadeler-ve-denklemler-test-1-01,Denklemler ve Eşitsizlikler,Üslü İfadeler,HIGH,REMAP,1,/assets/meb-dort-dortluk-tyt-math-v11/meb-dort-dortluk-tyt-mat-uslu-ifadeler-ve-denklemler-test-1-01.jpg,student-ready,True,Kaynak chapter 'Üslü İfadeler ve Denklemler' olduğundan canonical konu 'Üslü İfadeler' olmalı.
meb-dort-dortluk-tyt-mat-uslu-ifadeler-ve-denklemler-test-1-02,Denklemler ve Eşitsizlikler,Üslü İfadeler,HIGH,REMAP,2,/assets/meb-dort-dortluk-tyt-math-v11/meb-dort-dortluk-tyt-mat-uslu-ifadeler-ve-denklemler-test-1-02.jpg,student-ready,True,Kaynak chapter 'Üslü İfadeler ve Denklemler' olduğundan canonical konu 'Üslü İfadeler' olmalı.
meb-dort-dortluk-tyt-mat-uslu-ifadeler-ve-denklemler-test-1-03,Denklemler ve Eşitsizlikler,Üslü İfadeler,HIGH,REMAP,3,/assets/meb-dort-dortluk-tyt-math-v11/meb-dort-dortluk-tyt-mat-uslu-ifadeler-ve-denklemler-test-1-03.jpg,student-ready,True,Kaynak chapter 'Üslü İfadeler ve Denklemler' olduğundan canonical konu 'Üslü İfadeler' olmalı.
meb-dort-dortluk-tyt-mat-uslu-ifadeler-ve-denklemler-test-1-04,Denklemler ve Eşitsizlikler,Üslü İfadeler,HIGH,REMAP,4,/assets/meb-dort-dortluk-tyt-math-v11/meb-dort-dortluk-tyt-mat-uslu-ifadeler-ve-denklemler-test-1-04.jpg,student-ready,True,Kaynak chapter 'Üslü İfadeler ve Denklemler' olduğundan canonical konu 'Üslü İfadeler' olmalı.
meb-dort-dortluk-tyt-mat-uslu-ifadeler-ve-denklemler-test-1-05,Denklemler ve Eşitsizlikler,Üslü İfadeler,HIGH,REMAP,5,/assets/meb-dort-dortluk-tyt-math-v11/meb-dort-dortluk-tyt-mat-uslu-ifadeler-ve-denklemler-test-1-05.jpg,student-ready,True,Kaynak chapter 'Üslü İfadeler ve Denklemler' olduğundan canonical konu 'Üslü İfadeler' olmalı.
meb-dort-dortluk-tyt-mat-uslu-ifadeler-ve-denklemler-test-1-06,Denklemler ve Eşitsizlikler,Üslü İfadeler,HIGH,REMAP,6,/assets/meb-dort-dortluk-tyt-math-v11/meb-dort-dortluk-tyt-mat-uslu-ifadeler-ve-denklemler-test-1-06.jpg,student-ready,True,Kaynak chapter 'Üslü İfadeler ve Denklemler' olduğundan canonical konu 'Üslü İfadeler' olmalı.
meb-dort-dortluk-tyt-mat-uslu-ifadeler-ve-denklemler-test-1-07,Denklemler ve Eşitsizlikler,Üslü İfadeler,HIGH,REMAP,7,/assets/meb-dort-dortluk-tyt-math-v11/meb-dort-dortluk-tyt-mat-uslu-ifadeler-ve-denklemler-test-1-07.jpg,student-ready,True,Kaynak chapter 'Üslü İfadeler ve Denklemler' olduğundan canonical konu 'Üslü İfadeler' olmalı.
meb-dort-dortluk-tyt-mat-uslu-ifadeler-ve-denklemler-test-1-08,Denklemler ve Eşitsizlikler,Üslü İfadeler,HIGH,REMAP,8,/assets/meb-dort-dortluk-tyt-math-v11/meb-dort-dortluk-tyt-mat-uslu-ifadeler-ve-denklemler-test-1-08.jpg,student-ready,True,Kaynak chapter 'Üslü İfadeler ve Denklemler' olduğundan canonical konu 'Üslü İfadeler' olmalı.
meb-dort-dortluk-tyt-mat-uslu-ifadeler-ve-denklemler-test-1-09,Denklemler ve Eşitsizlikler,Üslü İfadeler,HIGH,REMAP,9,/assets/meb-dort-dortluk-tyt-math-v11/meb-dort-dortluk-tyt-mat-uslu-ifadeler-ve-denklemler-test-1-09.jpg,student-ready,True,Kaynak chapter 'Üslü İfadeler ve Denklemler' olduğundan canonical konu 'Üslü İfadeler' olmalı.
meb-dort-dortluk-tyt-mat-uslu-ifadeler-ve-denklemler-test-1-10,Denklemler ve Eşitsizlikler,Üslü İfadeler,HIGH,REMAP,10,/assets/meb-dort-dortluk-tyt-math-v11/meb-dort-dortluk-tyt-mat-uslu-ifadeler-ve-denklemler-test-1-10.jpg,student-ready,True,Kaynak chapter 'Üslü İfadeler ve Denklemler' olduğundan canonical konu 'Üslü İfadeler' olmalı.
meb-dort-dortluk-tyt-mat-uslu-ifadeler-ve-denklemler-test-1-11,Denklemler ve Eşitsizlikler,Üslü İfadeler,HIGH,REMAP,11,/assets/meb-dort-dortluk-tyt-math-v11/meb-dort-dortluk-tyt-mat-uslu-ifadeler-ve-denklemler-test-1-11.jpg,student-ready,True,Kaynak chapter 'Üslü İfadeler ve Denklemler' olduğundan canonical konu 'Üslü İfadeler' olmalı.
meb-dort-dortluk-tyt-mat-uslu-ifadeler-ve-denklemler-test-1-12,Denklemler ve Eşitsizlikler,Üslü İfadeler,HIGH,REMAP,12,/assets/meb-dort-dortluk-tyt-math-v11/meb-dort-dortluk-tyt-mat-uslu-ifadeler-ve-denklemler-test-1-12.jpg,student-ready,True,Kaynak chapter 'Üslü İfadeler ve Denklemler' olduğundan canonical konu 'Üslü İfadeler' olmalı.
meb-dort-dortluk-tyt-mat-uslu-ifadeler-ve-denklemler-test-1-13,Denklemler ve Eşitsizlikler,Üslü İfadeler,HIGH,REMAP,13,/assets/meb-dort-dortluk-tyt-math-v11/meb-dort-dortluk-tyt-mat-uslu-ifadeler-ve-denklemler-test-1-13.jpg,student-ready,True,Kaynak chapter 'Üslü İfadeler ve Denklemler' olduğundan canonical konu 'Üslü İfadeler' olmalı.
meb-dort-dortluk-tyt-mat-uslu-ifadeler-ve-denklemler-test-1-14,Denklemler ve Eşitsizlikler,Üslü İfadeler,HIGH,REMAP,14,/assets/meb-dort-dortluk-tyt-math-v11/meb-dort-dortluk-tyt-mat-uslu-ifadeler-ve-denklemler-test-1-14.jpg,student-ready,True,Kaynak chapter 'Üslü İfadeler ve Denklemler' olduğundan canonical konu 'Üslü İfadeler' olmalı.
meb-dort-dortluk-tyt-mat-uslu-ifadeler-ve-denklemler-test-1-15,Denklemler ve Eşitsizlikler,Üslü İfadeler,HIGH,REMAP,15,/assets/meb-dort-dortluk-tyt-math-v11/meb-dort-dortluk-tyt-mat-uslu-ifadeler-ve-denklemler-test-1-15.jpg,student-ready,True,Kaynak chapter 'Üslü İfadeler ve Denklemler' olduğundan canonical konu 'Üslü İfadeler' olmalı.
meb-dort-dortluk-tyt-mat-uslu-ifadeler-ve-denklemler-test-2-01,Denklemler ve Eşitsizlikler,Üslü İfadeler,HIGH,REMAP,1,/assets/meb-dort-dortluk-tyt-math-v11/meb-dort-dortluk-tyt-mat-uslu-ifadeler-ve-denklemler-test-2-01.jpg,student-ready,True,Kaynak chapter 'Üslü İfadeler ve Denklemler' olduğundan canonical konu 'Üslü İfadeler' olmalı.
meb-dort-dortluk-tyt-mat-uslu-ifadeler-ve-denklemler-test-2-02,Denklemler ve Eşitsizlikler,Üslü İfadeler,HIGH,REMAP,2,/assets/meb-dort-dortluk-tyt-math-v11/meb-dort-dortluk-tyt-mat-uslu-ifadeler-ve-denklemler-test-2-02.jpg,student-ready,True,Kaynak chapter 'Üslü İfadeler ve Denklemler' olduğundan canonical konu 'Üslü İfadeler' olmalı.
meb-dort-dortluk-tyt-mat-uslu-ifadeler-ve-denklemler-test-2-03,Denklemler ve Eşitsizlikler,Üslü İfadeler,HIGH,REMAP,3,/assets/meb-dort-dortluk-tyt-math-v11/meb-dort-dortluk-tyt-mat-uslu-ifadeler-ve-denklemler-test-2-03.jpg,student-ready,True,Kaynak chapter 'Üslü İfadeler ve Denklemler' olduğundan canonical konu 'Üslü İfadeler' olmalı.
meb-dort-dortluk-tyt-mat-uslu-ifadeler-ve-denklemler-test-2-04,Denklemler ve Eşitsizlikler,Üslü İfadeler,HIGH,REMAP,4,/assets/meb-dort-dortluk-tyt-math-v11/meb-dort-dortluk-tyt-mat-uslu-ifadeler-ve-denklemler-test-2-04.jpg,student-ready,True,Kaynak chapter 'Üslü İfadeler ve Denklemler' olduğundan canonical konu 'Üslü İfadeler' olmalı.
meb-dort-dortluk-tyt-mat-uslu-ifadeler-ve-denklemler-test-2-05,Denklemler ve Eşitsizlikler,Üslü İfadeler,HIGH,REMAP,5,/assets/meb-dort-dortluk-tyt-math-v11/meb-dort-dortluk-tyt-mat-uslu-ifadeler-ve-denklemler-test-2-05.jpg,student-ready,True,Kaynak chapter 'Üslü İfadeler ve Denklemler' olduğundan canonical konu 'Üslü İfadeler' olmalı.
meb-dort-dortluk-tyt-mat-uslu-ifadeler-ve-denklemler-test-2-06,Denklemler ve Eşitsizlikler,Üslü İfadeler,HIGH,REMAP,6,/assets/meb-dort-dortluk-tyt-math-v11/meb-dort-dortluk-tyt-mat-uslu-ifadeler-ve-denklemler-test-2-06.jpg,student-ready,True,Kaynak chapter 'Üslü İfadeler ve Denklemler' olduğundan canonical konu 'Üslü İfadeler' olmalı.
meb-dort-dortluk-tyt-mat-uslu-ifadeler-ve-denklemler-test-2-07,Denklemler ve Eşitsizlikler,Üslü İfadeler,HIGH,REMAP,7,/assets/meb-dort-dortluk-tyt-math-v11/meb-dort-dortluk-tyt-mat-uslu-ifadeler-ve-denklemler-test-2-07.jpg,student-ready,True,Kaynak chapter 'Üslü İfadeler ve Denklemler' olduğundan canonical konu 'Üslü İfadeler' olmalı.
meb-dort-dortluk-tyt-mat-uslu-ifadeler-ve-denklemler-test-2-08,Denklemler ve Eşitsizlikler,Üslü İfadeler,HIGH,REMAP,8,/assets/meb-dort-dortluk-tyt-math-v11/meb-dort-dortluk-tyt-mat-uslu-ifadeler-ve-denklemler-test-2-08.jpg,student-ready,True,Kaynak chapter 'Üslü İfadeler ve Denklemler' olduğundan canonical konu 'Üslü İfadeler' olmalı.
meb-dort-dortluk-tyt-mat-uslu-ifadeler-ve-denklemler-test-2-09,Denklemler ve Eşitsizlikler,Üslü İfadeler,HIGH,REMAP,9,/assets/meb-dort-dortluk-tyt-math-v11/meb-dort-dortluk-tyt-mat-uslu-ifadeler-ve-denklemler-test-2-09.jpg,student-ready,True,Kaynak chapter 'Üslü İfadeler ve Denklemler' olduğundan canonical konu 'Üslü İfadeler' olmalı.
meb-dort-dortluk-tyt-mat-uslu-ifadeler-ve-denklemler-test-2-10,Denklemler ve Eşitsizlikler,Üslü İfadeler,HIGH,REMAP,10,/assets/meb-dort-dortluk-tyt-math-v11/meb-dort-dortluk-tyt-mat-uslu-ifadeler-ve-denklemler-test-2-10.jpg,student-ready,True,Kaynak chapter 'Üslü İfadeler ve Denklemler' olduğundan canonical konu 'Üslü İfadeler' olmalı.
meb-dort-dortluk-tyt-mat-uslu-ifadeler-ve-denklemler-test-2-11,Denklemler ve Eşitsizlikler,Üslü İfadeler,HIGH,REMAP,11,/assets/meb-dort-dortluk-tyt-math-v11/meb-dort-dortluk-tyt-mat-uslu-ifadeler-ve-denklemler-test-2-11.jpg,student-ready,True,Kaynak chapter 'Üslü İfadeler ve Denklemler' olduğundan canonical konu 'Üslü İfadeler' olmalı.
meb-dort-dortluk-tyt-mat-uslu-ifadeler-ve-denklemler-test-2-12,Denklemler ve Eşitsizlikler,Üslü İfadeler,HIGH,REMAP,12,/assets/meb-dort-dortluk-tyt-math-v11/meb-dort-dortluk-tyt-mat-uslu-ifadeler-ve-denklemler-test-2-12.jpg,student-ready,True,Kaynak chapter 'Üslü İfadeler ve Denklemler' olduğundan canonical konu 'Üslü İfadeler' olmalı.
meb-dort-dortluk-tyt-mat-uslu-ifadeler-ve-denklemler-test-2-13,Denklemler ve Eşitsizlikler,Üslü İfadeler,HIGH,REMAP,13,/assets/meb-dort-dortluk-tyt-math-v11/meb-dort-dortluk-tyt-mat-uslu-ifadeler-ve-denklemler-test-2-13.jpg,student-ready,True,Kaynak chapter 'Üslü İfadeler ve Denklemler' olduğundan canonical konu 'Üslü İfadeler' olmalı.
meb-dort-dortluk-tyt-mat-uslu-ifadeler-ve-denklemler-test-2-14,Denklemler ve Eşitsizlikler,Üslü İfadeler,HIGH,REMAP,14,/assets/meb-dort-dortluk-tyt-math-v11/meb-dort-dortluk-tyt-mat-uslu-ifadeler-ve-denklemler-test-2-14.jpg,student-ready,True,Kaynak chapter 'Üslü İfadeler ve Denklemler' olduğundan canonical konu 'Üslü İfadeler' olmalı.
meb-dort-dortluk-tyt-mat-uslu-ifadeler-ve-denklemler-test-2-15,Denklemler ve Eşitsizlikler,Üslü İfadeler,HIGH,REMAP,15,/assets/meb-dort-dortluk-tyt-math-v11/meb-dort-dortluk-tyt-mat-uslu-ifadeler-ve-denklemler-test-2-15.jpg,student-ready,True,Kaynak chapter 'Üslü İfadeler ve Denklemler' olduğundan canonical konu 'Üslü İfadeler' olmalı.
meb-dort-dortluk-tyt-mat-uslu-ifadeler-ve-denklemler-test-2-16,Denklemler ve Eşitsizlikler,Üslü İfadeler,HIGH,REMAP,16,/assets/meb-dort-dortluk-tyt-math-v11/meb-dort-dortluk-tyt-mat-uslu-ifadeler-ve-denklemler-test-2-16.jpg,student-ready,True,Kaynak chapter 'Üslü İfadeler ve Denklemler' olduğundan canonical konu 'Üslü İfadeler' olmalı.
meb-dort-dortluk-tyt-mat-uslu-ifadeler-ve-denklemler-test-3-01,Denklemler ve Eşitsizlikler,Üslü İfadeler,HIGH,REMAP,1,/assets/meb-dort-dortluk-tyt-math-v11/meb-dort-dortluk-tyt-mat-uslu-ifadeler-ve-denklemler-test-3-01.jpg,student-ready,True,Kaynak chapter 'Üslü İfadeler ve Denklemler' olduğundan canonical konu 'Üslü İfadeler' olmalı.
meb-dort-dortluk-tyt-mat-uslu-ifadeler-ve-denklemler-test-3-02,Denklemler ve Eşitsizlikler,Üslü İfadeler,HIGH,REMAP,2,/assets/meb-dort-dortluk-tyt-math-v11/meb-dort-dortluk-tyt-mat-uslu-ifadeler-ve-denklemler-test-3-02.jpg,student-ready,True,Kaynak chapter 'Üslü İfadeler ve Denklemler' olduğundan canonical konu 'Üslü İfadeler' olmalı.
meb-dort-dortluk-tyt-mat-uslu-ifadeler-ve-denklemler-test-3-03,Denklemler ve Eşitsizlikler,Üslü İfadeler,HIGH,REMAP,3,/assets/meb-dort-dortluk-tyt-math-v11/meb-dort-dortluk-tyt-mat-uslu-ifadeler-ve-denklemler-test-3-03.jpg,student-ready,True,Kaynak chapter 'Üslü İfadeler ve Denklemler' olduğundan canonical konu 'Üslü İfadeler' olmalı.
meb-dort-dortluk-tyt-mat-uslu-ifadeler-ve-denklemler-test-3-04,Denklemler ve Eşitsizlikler,Üslü İfadeler,HIGH,REMAP,4,/assets/meb-dort-dortluk-tyt-math-v11/meb-dort-dortluk-tyt-mat-uslu-ifadeler-ve-denklemler-test-3-04.jpg,student-ready,True,Kaynak chapter 'Üslü İfadeler ve Denklemler' olduğundan canonical konu 'Üslü İfadeler' olmalı.
meb-dort-dortluk-tyt-mat-uslu-ifadeler-ve-denklemler-test-3-05,Denklemler ve Eşitsizlikler,Üslü İfadeler,HIGH,REMAP,5,/assets/meb-dort-dortluk-tyt-math-v11/meb-dort-dortluk-tyt-mat-uslu-ifadeler-ve-denklemler-test-3-05.jpg,student-ready,True,Kaynak chapter 'Üslü İfadeler ve Denklemler' olduğundan canonical konu 'Üslü İfadeler' olmalı.
meb-dort-dortluk-tyt-mat-uslu-ifadeler-ve-denklemler-test-3-06,Denklemler ve Eşitsizlikler,Üslü İfadeler,HIGH,REMAP,6,/assets/meb-dort-dortluk-tyt-math-v11/meb-dort-dortluk-tyt-mat-uslu-ifadeler-ve-denklemler-test-3-06.jpg,student-ready,True,Kaynak chapter 'Üslü İfadeler ve Denklemler' olduğundan canonical konu 'Üslü İfadeler' olmalı.
meb-dort-dortluk-tyt-mat-uslu-ifadeler-ve-denklemler-test-3-07,Denklemler ve Eşitsizlikler,Üslü İfadeler,HIGH,REMAP,7,/assets/meb-dort-dortluk-tyt-math-v11/meb-dort-dortluk-tyt-mat-uslu-ifadeler-ve-denklemler-test-3-07.jpg,student-ready,True,Kaynak chapter 'Üslü İfadeler ve Denklemler' olduğundan canonical konu 'Üslü İfadeler' olmalı.
meb-dort-dortluk-tyt-mat-uslu-ifadeler-ve-denklemler-test-3-08,Denklemler ve Eşitsizlikler,Üslü İfadeler,HIGH,REMAP,8,/assets/meb-dort-dortluk-tyt-math-v11/meb-dort-dortluk-tyt-mat-uslu-ifadeler-ve-denklemler-test-3-08.jpg,student-ready,True,Kaynak chapter 'Üslü İfadeler ve Denklemler' olduğundan canonical konu 'Üslü İfadeler' olmalı.
meb-dort-dortluk-tyt-mat-uslu-ifadeler-ve-denklemler-test-3-09,Denklemler ve Eşitsizlikler,Üslü İfadeler,HIGH,REMAP,9,/assets/meb-dort-dortluk-tyt-math-v11/meb-dort-dortluk-tyt-mat-uslu-ifadeler-ve-denklemler-test-3-09.jpg,student-ready,True,Kaynak chapter 'Üslü İfadeler ve Denklemler' olduğundan canonical konu 'Üslü İfadeler' olmalı.
meb-dort-dortluk-tyt-mat-uslu-ifadeler-ve-denklemler-test-3-10,Denklemler ve Eşitsizlikler,Üslü İfadeler,HIGH,REMAP,10,/assets/meb-dort-dortluk-tyt-math-v11/meb-dort-dortluk-tyt-mat-uslu-ifadeler-ve-denklemler-test-3-10.jpg,student-ready,True,Kaynak chapter 'Üslü İfadeler ve Denklemler' olduğundan canonical konu 'Üslü İfadeler' olmalı.
meb-dort-dortluk-tyt-mat-uslu-ifadeler-ve-denklemler-test-3-11,Denklemler ve Eşitsizlikler,Üslü İfadeler,HIGH,REMAP,11,/assets/meb-dort-dortluk-tyt-math-v11/meb-dort-dortluk-tyt-mat-uslu-ifadeler-ve-denklemler-test-3-11.jpg,student-ready,True,Kaynak chapter 'Üslü İfadeler ve Denklemler' olduğundan canonical konu 'Üslü İfadeler' olmalı.
meb-dort-dortluk-tyt-mat-uslu-ifadeler-ve-denklemler-test-3-12,Denklemler ve Eşitsizlikler,Üslü İfadeler,HIGH,REMAP,12,/assets/meb-dort-dortluk-tyt-math-v11/meb-dort-dortluk-tyt-mat-uslu-ifadeler-ve-denklemler-test-3-12.jpg,student-ready,True,Kaynak chapter 'Üslü İfadeler ve Denklemler' olduğundan canonical konu 'Üslü İfadeler' olmalı.
meb-dort-dortluk-tyt-mat-uslu-ifadeler-ve-denklemler-test-4-01,Denklemler ve Eşitsizlikler,Üslü İfadeler,HIGH,REMAP,1,/assets/meb-dort-dortluk-tyt-math-v11/meb-dort-dortluk-tyt-mat-uslu-ifadeler-ve-denklemler-test-4-01.jpg,student-ready,True,Kaynak chapter 'Üslü İfadeler ve Denklemler' olduğundan canonical konu 'Üslü İfadeler' olmalı.
meb-dort-dortluk-tyt-mat-uslu-ifadeler-ve-denklemler-test-4-02,Denklemler ve Eşitsizlikler,Üslü İfadeler,HIGH,REMAP,2,/assets/meb-dort-dortluk-tyt-math-v11/meb-dort-dortluk-tyt-mat-uslu-ifadeler-ve-denklemler-test-4-02.jpg,student-ready,True,Kaynak chapter 'Üslü İfadeler ve Denklemler' olduğundan canonical konu 'Üslü İfadeler' olmalı.
meb-dort-dortluk-tyt-mat-uslu-ifadeler-ve-denklemler-test-4-03,Denklemler ve Eşitsizlikler,Üslü İfadeler,HIGH,REMAP,3,/assets/meb-dort-dortluk-tyt-math-v11/meb-dort-dortluk-tyt-mat-uslu-ifadeler-ve-denklemler-test-4-03.jpg,student-ready,True,Kaynak chapter 'Üslü İfadeler ve Denklemler' olduğundan canonical konu 'Üslü İfadeler' olmalı.
meb-dort-dortluk-tyt-mat-uslu-ifadeler-ve-denklemler-test-4-04,Denklemler ve Eşitsizlikler,Üslü İfadeler,HIGH,REMAP,4,/assets/meb-dort-dortluk-tyt-math-v11/meb-dort-dortluk-tyt-mat-uslu-ifadeler-ve-denklemler-test-4-04.jpg,student-ready,True,Kaynak chapter 'Üslü İfadeler ve Denklemler' olduğundan canonical konu 'Üslü İfadeler' olmalı.
meb-dort-dortluk-tyt-mat-uslu-ifadeler-ve-denklemler-test-4-05,Denklemler ve Eşitsizlikler,Üslü İfadeler,HIGH,REMAP,5,/assets/meb-dort-dortluk-tyt-math-v11/meb-dort-dortluk-tyt-mat-uslu-ifadeler-ve-denklemler-test-4-05.jpg,student-ready,True,Kaynak chapter 'Üslü İfadeler ve Denklemler' olduğundan canonical konu 'Üslü İfadeler' olmalı.
meb-dort-dortluk-tyt-mat-uslu-ifadeler-ve-denklemler-test-4-06,Denklemler ve Eşitsizlikler,Üslü İfadeler,HIGH,REMAP,6,/assets/meb-dort-dortluk-tyt-math-v11/meb-dort-dortluk-tyt-mat-uslu-ifadeler-ve-denklemler-test-4-06.jpg,student-ready,True,Kaynak chapter 'Üslü İfadeler ve Denklemler' olduğundan canonical konu 'Üslü İfadeler' olmalı.
meb-dort-dortluk-tyt-mat-uslu-ifadeler-ve-denklemler-test-4-07,Denklemler ve Eşitsizlikler,Üslü İfadeler,HIGH,REMAP,7,/assets/meb-dort-dortluk-tyt-math-v11/meb-dort-dortluk-tyt-mat-uslu-ifadeler-ve-denklemler-test-4-07.jpg,student-ready,True,Kaynak chapter 'Üslü İfadeler ve Denklemler' olduğundan canonical konu 'Üslü İfadeler' olmalı.
meb-dort-dortluk-tyt-mat-uslu-ifadeler-ve-denklemler-test-4-08,Denklemler ve Eşitsizlikler,Üslü İfadeler,HIGH,REMAP,8,/assets/meb-dort-dortluk-tyt-math-v11/meb-dort-dortluk-tyt-mat-uslu-ifadeler-ve-denklemler-test-4-08.jpg,student-ready,True,Kaynak chapter 'Üslü İfadeler ve Denklemler' olduğundan canonical konu 'Üslü İfadeler' olmalı.
meb-dort-dortluk-tyt-mat-uslu-ifadeler-ve-denklemler-test-4-09,Denklemler ve Eşitsizlikler,Üslü İfadeler,HIGH,REMAP,9,/assets/meb-dort-dortluk-tyt-math-v11/meb-dort-dortluk-tyt-mat-uslu-ifadeler-ve-denklemler-test-4-09.jpg,student-ready,True,Kaynak chapter 'Üslü İfadeler ve Denklemler' olduğundan canonical konu 'Üslü İfadeler' olmalı.
meb-dort-dortluk-tyt-mat-uslu-ifadeler-ve-denklemler-test-4-10,Denklemler ve Eşitsizlikler,Üslü İfadeler,HIGH,REMAP,10,/assets/meb-dort-dortluk-tyt-math-v11/meb-dort-dortluk-tyt-mat-uslu-ifadeler-ve-denklemler-test-4-10.jpg,student-ready,True,Kaynak chapter 'Üslü İfadeler ve Denklemler' olduğundan canonical konu 'Üslü İfadeler' olmalı.
meb-dort-dortluk-tyt-mat-uslu-ifadeler-ve-denklemler-test-4-11,Denklemler ve Eşitsizlikler,Üslü İfadeler,HIGH,REMAP,11,/assets/meb-dort-dortluk-tyt-math-v11/meb-dort-dortluk-tyt-mat-uslu-ifadeler-ve-denklemler-test-4-11.jpg,student-ready,True,Kaynak chapter 'Üslü İfadeler ve Denklemler' olduğundan canonical konu 'Üslü İfadeler' olmalı.
meb-dort-dortluk-tyt-mat-denklemler-ve-esitsizliklerle-ilgili-uygulamalar-cozumlu-01,Denklemler ve Eşitsizlikler,Problemler,HIGH,REMAP,1,/assets/meb-dort-dortluk-tyt-math-v11/meb-dort-dortluk-tyt-mat-denklemler-ve-esitsizliklerle-ilgili-uygulamalar-cozumlu-01.jpg,pending-official-answer-verification,False,Kaynak chapter 'Denklemler ve Eşitsizliklerle İlgili Uygulamalar' olduğundan canonical konu 'Problemler' olmalı.
meb-dort-dortluk-tyt-mat-denklemler-ve-esitsizliklerle-ilgili-uygulamalar-cozumlu-02,Denklemler ve Eşitsizlikler,Problemler,HIGH,REMAP,2,/assets/meb-dort-dortluk-tyt-math-v11/meb-dort-dortluk-tyt-mat-denklemler-ve-esitsizliklerle-ilgili-uygulamalar-cozumlu-02.jpg,pending-official-answer-verification,False,Kaynak chapter 'Denklemler ve Eşitsizliklerle İlgili Uygulamalar' olduğundan canonical konu 'Problemler' olmalı.
meb-dort-dortluk-tyt-mat-denklemler-ve-esitsizliklerle-ilgili-uygulamalar-cozumlu-03,Denklemler ve Eşitsizlikler,Problemler,HIGH,REMAP,3,/assets/meb-dort-dortluk-tyt-math-v11/meb-dort-dortluk-tyt-mat-denklemler-ve-esitsizliklerle-ilgili-uygulamalar-cozumlu-03.jpg,pending-official-answer-verification,False,Kaynak chapter 'Denklemler ve Eşitsizliklerle İlgili Uygulamalar' olduğundan canonical konu 'Problemler' olmalı.
meb-dort-dortluk-tyt-mat-denklemler-ve-esitsizliklerle-ilgili-uygulamalar-cozumlu-04,Denklemler ve Eşitsizlikler,Problemler,HIGH,REMAP,4,/assets/meb-dort-dortluk-tyt-math-v11/meb-dort-dortluk-tyt-mat-denklemler-ve-esitsizliklerle-ilgili-uygulamalar-cozumlu-04.jpg,pending-official-answer-verification,False,Kaynak chapter 'Denklemler ve Eşitsizliklerle İlgili Uygulamalar' olduğundan canonical konu 'Problemler' olmalı.
meb-dort-dortluk-tyt-mat-denklemler-ve-esitsizliklerle-ilgili-uygulamalar-cozumlu-05,Denklemler ve Eşitsizlikler,Problemler,HIGH,REMAP,5,/assets/meb-dort-dortluk-tyt-math-v11/meb-dort-dortluk-tyt-mat-denklemler-ve-esitsizliklerle-ilgili-uygulamalar-cozumlu-05.jpg,pending-official-answer-verification,False,Kaynak chapter 'Denklemler ve Eşitsizliklerle İlgili Uygulamalar' olduğundan canonical konu 'Problemler' olmalı.
meb-dort-dortluk-tyt-mat-denklemler-ve-esitsizliklerle-ilgili-uygulamalar-cozumlu-06,Denklemler ve Eşitsizlikler,Problemler,HIGH,REMAP,6,/assets/meb-dort-dortluk-tyt-math-v11/meb-dort-dortluk-tyt-mat-denklemler-ve-esitsizliklerle-ilgili-uygulamalar-cozumlu-06.jpg,pending-official-answer-verification,False,Kaynak chapter 'Denklemler ve Eşitsizliklerle İlgili Uygulamalar' olduğundan canonical konu 'Problemler' olmalı.
meb-dort-dortluk-tyt-mat-denklemler-ve-esitsizliklerle-ilgili-uygulamalar-cozumlu-07,Denklemler ve Eşitsizlikler,Problemler,HIGH,REMAP,7,/assets/meb-dort-dortluk-tyt-math-v11/meb-dort-dortluk-tyt-mat-denklemler-ve-esitsizliklerle-ilgili-uygulamalar-cozumlu-07.jpg,pending-official-answer-verification,False,Kaynak chapter 'Denklemler ve Eşitsizliklerle İlgili Uygulamalar' olduğundan canonical konu 'Problemler' olmalı.
meb-dort-dortluk-tyt-mat-denklemler-ve-esitsizliklerle-ilgili-uygulamalar-cozumlu-08,Denklemler ve Eşitsizlikler,Problemler,HIGH,REMAP,8,/assets/meb-dort-dortluk-tyt-math-v11/meb-dort-dortluk-tyt-mat-denklemler-ve-esitsizliklerle-ilgili-uygulamalar-cozumlu-08.jpg,pending-official-answer-verification,False,Kaynak chapter 'Denklemler ve Eşitsizliklerle İlgili Uygulamalar' olduğundan canonical konu 'Problemler' olmalı.
meb-dort-dortluk-tyt-mat-denklemler-ve-esitsizliklerle-ilgili-uygulamalar-cozumlu-09,Denklemler ve Eşitsizlikler,Problemler,HIGH,REMAP,9,/assets/meb-dort-dortluk-tyt-math-v11/meb-dort-dortluk-tyt-mat-denklemler-ve-esitsizliklerle-ilgili-uygulamalar-cozumlu-09.jpg,pending-official-answer-verification,False,Kaynak chapter 'Denklemler ve Eşitsizliklerle İlgili Uygulamalar' olduğundan canonical konu 'Problemler' olmalı.
meb-dort-dortluk-tyt-mat-denklemler-ve-esitsizliklerle-ilgili-uygulamalar-cozumlu-10,Denklemler ve Eşitsizlikler,Problemler,HIGH,REMAP,10,/assets/meb-dort-dortluk-tyt-math-v11/meb-dort-dortluk-tyt-mat-denklemler-ve-esitsizliklerle-ilgili-uygulamalar-cozumlu-10.jpg,pending-official-answer-verification,False,Kaynak chapter 'Denklemler ve Eşitsizliklerle İlgili Uygulamalar' olduğundan canonical konu 'Problemler' olmalı.
meb-dort-dortluk-tyt-mat-denklemler-ve-esitsizliklerle-ilgili-uygulamalar-cozumlu-11,Denklemler ve Eşitsizlikler,Problemler,HIGH,REMAP,11,/assets/meb-dort-dortluk-tyt-math-v11/meb-dort-dortluk-tyt-mat-denklemler-ve-esitsizliklerle-ilgili-uygulamalar-cozumlu-11.jpg,pending-official-answer-verification,False,Kaynak chapter 'Denklemler ve Eşitsizliklerle İlgili Uygulamalar' olduğundan canonical konu 'Problemler' olmalı.
meb-dort-dortluk-tyt-mat-denklemler-ve-esitsizliklerle-ilgili-uygulamalar-cozumlu-12,Denklemler ve Eşitsizlikler,Problemler,HIGH,REMAP,12,/assets/meb-dort-dortluk-tyt-math-v11/meb-dort-dortluk-tyt-mat-denklemler-ve-esitsizliklerle-ilgili-uygulamalar-cozumlu-12.jpg,pending-official-answer-verification,False,Kaynak chapter 'Denklemler ve Eşitsizliklerle İlgili Uygulamalar' olduğundan canonical konu 'Problemler' olmalı.
meb-dort-dortluk-tyt-mat-denklemler-ve-esitsizliklerle-ilgili-uygulamalar-cozumlu-13,Denklemler ve Eşitsizlikler,Problemler,HIGH,REMAP,13,/assets/meb-dort-dortluk-tyt-math-v11/meb-dort-dortluk-tyt-mat-denklemler-ve-esitsizliklerle-ilgili-uygulamalar-cozumlu-13.jpg,pending-official-answer-verification,False,Kaynak chapter 'Denklemler ve Eşitsizliklerle İlgili Uygulamalar' olduğundan canonical konu 'Problemler' olmalı.
meb-dort-dortluk-tyt-mat-denklemler-ve-esitsizliklerle-ilgili-uygulamalar-cozumlu-14,Denklemler ve Eşitsizlikler,Problemler,HIGH,REMAP,14,/assets/meb-dort-dortluk-tyt-math-v11/meb-dort-dortluk-tyt-mat-denklemler-ve-esitsizliklerle-ilgili-uygulamalar-cozumlu-14.jpg,pending-official-answer-verification,False,Kaynak chapter 'Denklemler ve Eşitsizliklerle İlgili Uygulamalar' olduğundan canonical konu 'Problemler' olmalı.
meb-dort-dortluk-tyt-mat-denklemler-ve-esitsizliklerle-ilgili-uygulamalar-cozumlu-15,Denklemler ve Eşitsizlikler,Problemler,HIGH,REMAP,15,/assets/meb-dort-dortluk-tyt-math-v11/meb-dort-dortluk-tyt-mat-denklemler-ve-esitsizliklerle-ilgili-uygulamalar-cozumlu-15.jpg,pending-official-answer-verification,False,Kaynak chapter 'Denklemler ve Eşitsizliklerle İlgili Uygulamalar' olduğundan canonical konu 'Problemler' olmalı.
meb-dort-dortluk-tyt-mat-denklemler-ve-esitsizliklerle-ilgili-uygulamalar-cozumlu-16,Denklemler ve Eşitsizlikler,Problemler,HIGH,REMAP,16,/assets/meb-dort-dortluk-tyt-math-v11/meb-dort-dortluk-tyt-mat-denklemler-ve-esitsizliklerle-ilgili-uygulamalar-cozumlu-16.jpg,pending-official-answer-verification,False,Kaynak chapter 'Denklemler ve Eşitsizliklerle İlgili Uygulamalar' olduğundan canonical konu 'Problemler' olmalı.
meb-dort-dortluk-tyt-mat-denklemler-ve-esitsizliklerle-ilgili-uygulamalar-cozumlu-17,Denklemler ve Eşitsizlikler,Problemler,HIGH,REMAP,17,/assets/meb-dort-dortluk-tyt-math-v11/meb-dort-dortluk-tyt-mat-denklemler-ve-esitsizliklerle-ilgili-uygulamalar-cozumlu-17.jpg,pending-official-answer-verification,False,Kaynak chapter 'Denklemler ve Eşitsizliklerle İlgili Uygulamalar' olduğundan canonical konu 'Problemler' olmalı.
meb-dort-dortluk-tyt-mat-denklemler-ve-esitsizliklerle-ilgili-uygulamalar-cozumlu-18,Denklemler ve Eşitsizlikler,Problemler,HIGH,REMAP,18,/assets/meb-dort-dortluk-tyt-math-v11/meb-dort-dortluk-tyt-mat-denklemler-ve-esitsizliklerle-ilgili-uygulamalar-cozumlu-18.jpg,pending-official-answer-verification,False,Kaynak chapter 'Denklemler ve Eşitsizliklerle İlgili Uygulamalar' olduğundan canonical konu 'Problemler' olmalı.
meb-dort-dortluk-tyt-mat-denklemler-ve-esitsizliklerle-ilgili-uygulamalar-cozumlu-19,Denklemler ve Eşitsizlikler,Problemler,HIGH,REMAP,19,/assets/meb-dort-dortluk-tyt-math-v11/meb-dort-dortluk-tyt-mat-denklemler-ve-esitsizliklerle-ilgili-uygulamalar-cozumlu-19.jpg,pending-official-answer-verification,False,Kaynak chapter 'Denklemler ve Eşitsizliklerle İlgili Uygulamalar' olduğundan canonical konu 'Problemler' olmalı.
meb-dort-dortluk-tyt-mat-denklemler-ve-esitsizliklerle-ilgili-uygulamalar-cozumlu-20,Denklemler ve Eşitsizlikler,Problemler,HIGH,REMAP,20,/assets/meb-dort-dortluk-tyt-math-v11/meb-dort-dortluk-tyt-mat-denklemler-ve-esitsizliklerle-ilgili-uygulamalar-cozumlu-20.jpg,pending-official-answer-verification,False,Kaynak chapter 'Denklemler ve Eşitsizliklerle İlgili Uygulamalar' olduğundan canonical konu 'Problemler' olmalı.
meb-dort-dortluk-tyt-mat-denklemler-ve-esitsizliklerle-ilgili-uygulamalar-cozumlu-21,Denklemler ve Eşitsizlikler,Problemler,HIGH,REMAP,21,/assets/meb-dort-dortluk-tyt-math-v11/meb-dort-dortluk-tyt-mat-denklemler-ve-esitsizliklerle-ilgili-uygulamalar-cozumlu-21.jpg,pending-official-answer-verification,False,Kaynak chapter 'Denklemler ve Eşitsizliklerle İlgili Uygulamalar' olduğundan canonical konu 'Problemler' olmalı.
meb-dort-dortluk-tyt-mat-denklemler-ve-esitsizliklerle-ilgili-uygulamalar-cozumlu-22,Denklemler ve Eşitsizlikler,Problemler,HIGH,REMAP,22,/assets/meb-dort-dortluk-tyt-math-v11/meb-dort-dortluk-tyt-mat-denklemler-ve-esitsizliklerle-ilgili-uygulamalar-cozumlu-22.jpg,pending-official-answer-verification,False,Kaynak chapter 'Denklemler ve Eşitsizliklerle İlgili Uygulamalar' olduğundan canonical konu 'Problemler' olmalı.
meb-dort-dortluk-tyt-mat-denklemler-ve-esitsizliklerle-ilgili-uygulamalar-cozumlu-23,Denklemler ve Eşitsizlikler,Problemler,HIGH,REMAP,23,/assets/meb-dort-dortluk-tyt-math-v11/meb-dort-dortluk-tyt-mat-denklemler-ve-esitsizliklerle-ilgili-uygulamalar-cozumlu-23.jpg,pending-official-answer-verification,False,Kaynak chapter 'Denklemler ve Eşitsizliklerle İlgili Uygulamalar' olduğundan canonical konu 'Problemler' olmalı.
meb-dort-dortluk-tyt-mat-denklemler-ve-esitsizliklerle-ilgili-uygulamalar-cozumlu-24,Denklemler ve Eşitsizlikler,Problemler,HIGH,REMAP,24,/assets/meb-dort-dortluk-tyt-math-v11/meb-dort-dortluk-tyt-mat-denklemler-ve-esitsizliklerle-ilgili-uygulamalar-cozumlu-24.jpg,pending-official-answer-verification,False,Kaynak chapter 'Denklemler ve Eşitsizliklerle İlgili Uygulamalar' olduğundan canonical konu 'Problemler' olmalı.
meb-dort-dortluk-tyt-mat-denklemler-ve-esitsizliklerle-ilgili-uygulamalar-cozumlu-25,Denklemler ve Eşitsizlikler,Problemler,HIGH,REMAP,25,/assets/meb-dort-dortluk-tyt-math-v11/meb-dort-dortluk-tyt-mat-denklemler-ve-esitsizliklerle-ilgili-uygulamalar-cozumlu-25.jpg,pending-official-answer-verification,False,Kaynak chapter 'Denklemler ve Eşitsizliklerle İlgili Uygulamalar' olduğundan canonical konu 'Problemler' olmalı.
meb-dort-dortluk-tyt-mat-denklemler-ve-esitsizliklerle-ilgili-uygulamalar-cozumlu-26,Denklemler ve Eşitsizlikler,Problemler,HIGH,REMAP,26,/assets/meb-dort-dortluk-tyt-math-v11/meb-dort-dortluk-tyt-mat-denklemler-ve-esitsizliklerle-ilgili-uygulamalar-cozumlu-26.jpg,pending-official-answer-verification,False,Kaynak chapter 'Denklemler ve Eşitsizliklerle İlgili Uygulamalar' olduğundan canonical konu 'Problemler' olmalı.
meb-dort-dortluk-tyt-mat-denklemler-ve-esitsizliklerle-ilgili-uygulamalar-cozumlu-27,Denklemler ve Eşitsizlikler,Problemler,HIGH,REMAP,27,/assets/meb-dort-dortluk-tyt-math-v11/meb-dort-dortluk-tyt-mat-denklemler-ve-esitsizliklerle-ilgili-uygulamalar-cozumlu-27.jpg,pending-official-answer-verification,False,Kaynak chapter 'Denklemler ve Eşitsizliklerle İlgili Uygulamalar' olduğundan canonical konu 'Problemler' olmalı.
meb-dort-dortluk-tyt-mat-denklemler-ve-esitsizliklerle-ilgili-uygulamalar-cozumlu-28,Denklemler ve Eşitsizlikler,Problemler,HIGH,REMAP,28,/assets/meb-dort-dortluk-tyt-math-v11/meb-dort-dortluk-tyt-mat-denklemler-ve-esitsizliklerle-ilgili-uygulamalar-cozumlu-28.jpg,pending-official-answer-verification,False,Kaynak chapter 'Denklemler ve Eşitsizliklerle İlgili Uygulamalar' olduğundan canonical konu 'Problemler' olmalı.
meb-dort-dortluk-tyt-mat-denklemler-ve-esitsizliklerle-ilgili-uygulamalar-cozumlu-29,Denklemler ve Eşitsizlikler,Problemler,HIGH,REMAP,29,/assets/meb-dort-dortluk-tyt-math-v11/meb-dort-dortluk-tyt-mat-denklemler-ve-esitsizliklerle-ilgili-uygulamalar-cozumlu-29.jpg,pending-official-answer-verification,False,Kaynak chapter 'Denklemler ve Eşitsizliklerle İlgili Uygulamalar' olduğundan canonical konu 'Problemler' olmalı.
meb-dort-dortluk-tyt-mat-denklemler-ve-esitsizliklerle-ilgili-uygulamalar-cozumlu-30,Denklemler ve Eşitsizlikler,Problemler,HIGH,REMAP,30,/assets/meb-dort-dortluk-tyt-math-v11/meb-dort-dortluk-tyt-mat-denklemler-ve-esitsizliklerle-ilgili-uygulamalar-cozumlu-30.jpg,pending-official-answer-verification,False,Kaynak chapter 'Denklemler ve Eşitsizliklerle İlgili Uygulamalar' olduğundan canonical konu 'Problemler' olmalı.
meb-dort-dortluk-tyt-mat-denklemler-ve-esitsizliklerle-ilgili-uygulamalar-cozumlu-31,Denklemler ve Eşitsizlikler,Problemler,HIGH,REMAP,31,/assets/meb-dort-dortluk-tyt-math-v11/meb-dort-dortluk-tyt-mat-denklemler-ve-esitsizliklerle-ilgili-uygulamalar-cozumlu-31.jpg,pending-official-answer-verification,False,Kaynak chapter 'Denklemler ve Eşitsizliklerle İlgili Uygulamalar' olduğundan canonical konu 'Problemler' olmalı.
meb-dort-dortluk-tyt-mat-denklemler-ve-esitsizliklerle-ilgili-uygulamalar-cozumlu-32,Denklemler ve Eşitsizlikler,Problemler,HIGH,REMAP,32,/assets/meb-dort-dortluk-tyt-math-v11/meb-dort-dortluk-tyt-mat-denklemler-ve-esitsizliklerle-ilgili-uygulamalar-cozumlu-32.jpg,pending-official-answer-verification,False,Kaynak chapter 'Denklemler ve Eşitsizliklerle İlgili Uygulamalar' olduğundan canonical konu 'Problemler' olmalı.
meb-dort-dortluk-tyt-mat-denklemler-ve-esitsizliklerle-ilgili-uygulamalar-cozumlu-33,Denklemler ve Eşitsizlikler,Problemler,HIGH,REMAP,33,/assets/meb-dort-dortluk-tyt-math-v11/meb-dort-dortluk-tyt-mat-denklemler-ve-esitsizliklerle-ilgili-uygulamalar-cozumlu-33.jpg,pending-official-answer-verification,False,Kaynak chapter 'Denklemler ve Eşitsizliklerle İlgili Uygulamalar' olduğundan canonical konu 'Problemler' olmalı.
meb-dort-dortluk-tyt-mat-denklemler-ve-esitsizliklerle-ilgili-uygulamalar-cozumlu-34,Denklemler ve Eşitsizlikler,Problemler,HIGH,REMAP,34,/assets/meb-dort-dortluk-tyt-math-v11/meb-dort-dortluk-tyt-mat-denklemler-ve-esitsizliklerle-ilgili-uygulamalar-cozumlu-34.jpg,pending-official-answer-verification,False,Kaynak chapter 'Denklemler ve Eşitsizliklerle İlgili Uygulamalar' olduğundan canonical konu 'Problemler' olmalı.
meb-dort-dortluk-tyt-mat-denklemler-ve-esitsizliklerle-ilgili-uygulamalar-cozumlu-35,Denklemler ve Eşitsizlikler,Problemler,HIGH,REMAP,35,/assets/meb-dort-dortluk-tyt-math-v11/meb-dort-dortluk-tyt-mat-denklemler-ve-esitsizliklerle-ilgili-uygulamalar-cozumlu-35.jpg,pending-official-answer-verification,False,Kaynak chapter 'Denklemler ve Eşitsizliklerle İlgili Uygulamalar' olduğundan canonical konu 'Problemler' olmalı.
meb-dort-dortluk-tyt-mat-denklemler-ve-esitsizliklerle-ilgili-uygulamalar-cozumlu-36,Denklemler ve Eşitsizlikler,Problemler,HIGH,REMAP,36,/assets/meb-dort-dortluk-tyt-math-v11/meb-dort-dortluk-tyt-mat-denklemler-ve-esitsizliklerle-ilgili-uygulamalar-cozumlu-36.jpg,pending-official-answer-verification,False,Kaynak chapter 'Denklemler ve Eşitsizliklerle İlgili Uygulamalar' olduğundan canonical konu 'Problemler' olmalı.
meb-dort-dortluk-tyt-mat-denklemler-ve-esitsizliklerle-ilgili-uygulamalar-cozumlu-37,Denklemler ve Eşitsizlikler,Problemler,HIGH,REMAP,37,/assets/meb-dort-dortluk-tyt-math-v11/meb-dort-dortluk-tyt-mat-denklemler-ve-esitsizliklerle-ilgili-uygulamalar-cozumlu-37.jpg,pending-official-answer-verification,False,Kaynak chapter 'Denklemler ve Eşitsizliklerle İlgili Uygulamalar' olduğundan canonical konu 'Problemler' olmalı.
meb-dort-dortluk-tyt-mat-denklemler-ve-esitsizliklerle-ilgili-uygulamalar-cozumlu-38,Denklemler ve Eşitsizlikler,Problemler,HIGH,REMAP,38,/assets/meb-dort-dortluk-tyt-math-v11/meb-dort-dortluk-tyt-mat-denklemler-ve-esitsizliklerle-ilgili-uygulamalar-cozumlu-38.jpg,pending-official-answer-verification,False,Kaynak chapter 'Denklemler ve Eşitsizliklerle İlgili Uygulamalar' olduğundan canonical konu 'Problemler' olmalı.
meb-dort-dortluk-tyt-mat-denklemler-ve-esitsizliklerle-ilgili-uygulamalar-cozumlu-39,Denklemler ve Eşitsizlikler,Problemler,HIGH,REMAP,39,/assets/meb-dort-dortluk-tyt-math-v11/meb-dort-dortluk-tyt-mat-denklemler-ve-esitsizliklerle-ilgili-uygulamalar-cozumlu-39.jpg,pending-official-answer-verification,False,Kaynak chapter 'Denklemler ve Eşitsizliklerle İlgili Uygulamalar' olduğundan canonical konu 'Problemler' olmalı.
meb-dort-dortluk-tyt-mat-denklemler-ve-esitsizliklerle-ilgili-uygulamalar-cozumlu-40,Denklemler ve Eşitsizlikler,Problemler,HIGH,REMAP,40,/assets/meb-dort-dortluk-tyt-math-v11/meb-dort-dortluk-tyt-mat-denklemler-ve-esitsizliklerle-ilgili-uygulamalar-cozumlu-40.jpg,pending-official-answer-verification,False,Kaynak chapter 'Denklemler ve Eşitsizliklerle İlgili Uygulamalar' olduğundan canonical konu 'Problemler' olmalı.
meb-dort-dortluk-tyt-mat-denklemler-ve-esitsizliklerle-ilgili-uygulamalar-cozumlu-41,Denklemler ve Eşitsizlikler,Problemler,HIGH,REMAP,41,/assets/meb-dort-dortluk-tyt-math-v11/meb-dort-dortluk-tyt-mat-denklemler-ve-esitsizliklerle-ilgili-uygulamalar-cozumlu-41.jpg,pending-official-answer-verification,False,Kaynak chapter 'Denklemler ve Eşitsizliklerle İlgili Uygulamalar' olduğundan canonical konu 'Problemler' olmalı.
meb-dort-dortluk-tyt-mat-denklemler-ve-esitsizliklerle-ilgili-uygulamalar-cozumlu-42,Denklemler ve Eşitsizlikler,Problemler,HIGH,REMAP,42,/assets/meb-dort-dortluk-tyt-math-v11/meb-dort-dortluk-tyt-mat-denklemler-ve-esitsizliklerle-ilgili-uygulamalar-cozumlu-42.jpg,pending-official-answer-verification,False,Kaynak chapter 'Denklemler ve Eşitsizliklerle İlgili Uygulamalar' olduğundan canonical konu 'Problemler' olmalı.
meb-dort-dortluk-tyt-mat-denklemler-ve-esitsizliklerle-ilgili-uygulamalar-cozumlu-43,Denklemler ve Eşitsizlikler,Problemler,HIGH,REMAP,43,/assets/meb-dort-dortluk-tyt-math-v11/meb-dort-dortluk-tyt-mat-denklemler-ve-esitsizliklerle-ilgili-uygulamalar-cozumlu-43.jpg,pending-official-answer-verification,False,Kaynak chapter 'Denklemler ve Eşitsizliklerle İlgili Uygulamalar' olduğundan canonical konu 'Problemler' olmalı.
meb-dort-dortluk-tyt-mat-denklemler-ve-esitsizliklerle-ilgili-uygulamalar-cozumlu-44,Denklemler ve Eşitsizlikler,Problemler,HIGH,REMAP,44,/assets/meb-dort-dortluk-tyt-math-v11/meb-dort-dortluk-tyt-mat-denklemler-ve-esitsizliklerle-ilgili-uygulamalar-cozumlu-44.jpg,pending-official-answer-verification,False,Kaynak chapter 'Denklemler ve Eşitsizliklerle İlgili Uygulamalar' olduğundan canonical konu 'Problemler' olmalı.
meb-dort-dortluk-tyt-mat-denklemler-ve-esitsizliklerle-ilgili-uygulamalar-cozumlu-45,Denklemler ve Eşitsizlikler,Problemler,HIGH,REMAP,45,/assets/meb-dort-dortluk-tyt-math-v11/meb-dort-dortluk-tyt-mat-denklemler-ve-esitsizliklerle-ilgili-uygulamalar-cozumlu-45.jpg,pending-official-answer-verification,False,Kaynak chapter 'Denklemler ve Eşitsizliklerle İlgili Uygulamalar' olduğundan canonical konu 'Problemler' olmalı.
meb-dort-dortluk-tyt-mat-denklemler-ve-esitsizliklerle-ilgili-uygulamalar-cozumlu-46,Denklemler ve Eşitsizlikler,Problemler,HIGH,REMAP,46,/assets/meb-dort-dortluk-tyt-math-v11/meb-dort-dortluk-tyt-mat-denklemler-ve-esitsizliklerle-ilgili-uygulamalar-cozumlu-46.jpg,pending-official-answer-verification,False,Kaynak chapter 'Denklemler ve Eşitsizliklerle İlgili Uygulamalar' olduğundan canonical konu 'Problemler' olmalı.
meb-dort-dortluk-tyt-mat-denklemler-ve-esitsizliklerle-ilgili-uygulamalar-cozumlu-47,Denklemler ve Eşitsizlikler,Problemler,HIGH,REMAP,47,/assets/meb-dort-dortluk-tyt-math-v11/meb-dort-dortluk-tyt-mat-denklemler-ve-esitsizliklerle-ilgili-uygulamalar-cozumlu-47.jpg,pending-official-answer-verification,False,Kaynak chapter 'Denklemler ve Eşitsizliklerle İlgili Uygulamalar' olduğundan canonical konu 'Problemler' olmalı.
meb-dort-dortluk-tyt-mat-denklemler-ve-esitsizliklerle-ilgili-uygulamalar-cozumlu-48,Denklemler ve Eşitsizlikler,Problemler,HIGH,REMAP,48,/assets/meb-dort-dortluk-tyt-math-v11/meb-dort-dortluk-tyt-mat-denklemler-ve-esitsizliklerle-ilgili-uygulamalar-cozumlu-48.jpg,pending-official-answer-verification,False,Kaynak chapter 'Denklemler ve Eşitsizliklerle İlgili Uygulamalar' olduğundan canonical konu 'Problemler' olmalı.
meb-dort-dortluk-tyt-mat-denklemler-ve-esitsizliklerle-ilgili-uygulamalar-cozumlu-49,Denklemler ve Eşitsizlikler,Problemler,HIGH,REMAP,49,/assets/meb-dort-dortluk-tyt-math-v11/meb-dort-dortluk-tyt-mat-denklemler-ve-esitsizliklerle-ilgili-uygulamalar-cozumlu-49.jpg,pending-official-answer-verification,False,Kaynak chapter 'Denklemler ve Eşitsizliklerle İlgili Uygulamalar' olduğundan canonical konu 'Problemler' olmalı.
meb-dort-dortluk-tyt-mat-denklemler-ve-esitsizliklerle-ilgili-uygulamalar-cozumlu-50,Denklemler ve Eşitsizlikler,Problemler,HIGH,REMAP,50,/assets/meb-dort-dortluk-tyt-math-v11/meb-dort-dortluk-tyt-mat-denklemler-ve-esitsizliklerle-ilgili-uygulamalar-cozumlu-50.jpg,pending-official-answer-verification,False,Kaynak chapter 'Denklemler ve Eşitsizliklerle İlgili Uygulamalar' olduğundan canonical konu 'Problemler' olmalı.
meb-dort-dortluk-tyt-mat-denklemler-ve-esitsizliklerle-ilgili-uygulamalar-cozumlu-51,Denklemler ve Eşitsizlikler,Problemler,HIGH,REMAP,51,/assets/meb-dort-dortluk-tyt-math-v11/meb-dort-dortluk-tyt-mat-denklemler-ve-esitsizliklerle-ilgili-uygulamalar-cozumlu-51.jpg,pending-official-answer-verification,False,Kaynak chapter 'Denklemler ve Eşitsizliklerle İlgili Uygulamalar' olduğundan canonical konu 'Problemler' olmalı.
meb-dort-dortluk-tyt-mat-denklemler-ve-esitsizliklerle-ilgili-uygulamalar-cozumlu-52,Denklemler ve Eşitsizlikler,Problemler,HIGH,REMAP,52,/assets/meb-dort-dortluk-tyt-math-v11/meb-dort-dortluk-tyt-mat-denklemler-ve-esitsizliklerle-ilgili-uygulamalar-cozumlu-52.jpg,pending-official-answer-verification,False,Kaynak chapter 'Denklemler ve Eşitsizliklerle İlgili Uygulamalar' olduğundan canonical konu 'Problemler' olmalı.
meb-dort-dortluk-tyt-mat-denklemler-ve-esitsizliklerle-ilgili-uygulamalar-cozumlu-53,Denklemler ve Eşitsizlikler,Problemler,HIGH,REMAP,53,/assets/meb-dort-dortluk-tyt-math-v11/meb-dort-dortluk-tyt-mat-denklemler-ve-esitsizliklerle-ilgili-uygulamalar-cozumlu-53.jpg,pending-official-answer-verification,False,Kaynak chapter 'Denklemler ve Eşitsizliklerle İlgili Uygulamalar' olduğundan canonical konu 'Problemler' olmalı.
meb-dort-dortluk-tyt-mat-denklemler-ve-esitsizliklerle-ilgili-uygulamalar-cozumlu-54,Denklemler ve Eşitsizlikler,Problemler,HIGH,REMAP,54,/assets/meb-dort-dortluk-tyt-math-v11/meb-dort-dortluk-tyt-mat-denklemler-ve-esitsizliklerle-ilgili-uygulamalar-cozumlu-54.jpg,pending-official-answer-verification,False,Kaynak chapter 'Denklemler ve Eşitsizliklerle İlgili Uygulamalar' olduğundan canonical konu 'Problemler' olmalı.
meb-dort-dortluk-tyt-mat-denklemler-ve-esitsizliklerle-ilgili-uygulamalar-cozumlu-55,Denklemler ve Eşitsizlikler,Problemler,HIGH,REMAP,55,/assets/meb-dort-dortluk-tyt-math-v11/meb-dort-dortluk-tyt-mat-denklemler-ve-esitsizliklerle-ilgili-uygulamalar-cozumlu-55.jpg,pending-official-answer-verification,False,Kaynak chapter 'Denklemler ve Eşitsizliklerle İlgili Uygulamalar' olduğundan canonical konu 'Problemler' olmalı.
meb-dort-dortluk-tyt-mat-denklemler-ve-esitsizliklerle-ilgili-uygulamalar-cozumlu-56,Denklemler ve Eşitsizlikler,Problemler,HIGH,REMAP,56,/assets/meb-dort-dortluk-tyt-math-v11/meb-dort-dortluk-tyt-mat-denklemler-ve-esitsizliklerle-ilgili-uygulamalar-cozumlu-56.jpg,pending-official-answer-verification,False,Kaynak chapter 'Denklemler ve Eşitsizliklerle İlgili Uygulamalar' olduğundan canonical konu 'Problemler' olmalı.
meb-dort-dortluk-tyt-mat-denklemler-ve-esitsizliklerle-ilgili-uygulamalar-cozumlu-57,Denklemler ve Eşitsizlikler,Problemler,HIGH,REMAP,57,/assets/meb-dort-dortluk-tyt-math-v11/meb-dort-dortluk-tyt-mat-denklemler-ve-esitsizliklerle-ilgili-uygulamalar-cozumlu-57.jpg,pending-official-answer-verification,False,Kaynak chapter 'Denklemler ve Eşitsizliklerle İlgili Uygulamalar' olduğundan canonical konu 'Problemler' olmalı.
meb-dort-dortluk-tyt-mat-denklemler-ve-esitsizliklerle-ilgili-uygulamalar-test-1-a-01,Denklemler ve Eşitsizlikler,Problemler,HIGH,REMAP,1,/assets/meb-dort-dortluk-tyt-math-v11/meb-dort-dortluk-tyt-mat-denklemler-ve-esitsizliklerle-ilgili-uygulamalar-test-1-a-01.jpg,student-ready,True,Kaynak chapter 'Denklemler ve Eşitsizliklerle İlgili Uygulamalar' olduğundan canonical konu 'Problemler' olmalı.
meb-dort-dortluk-tyt-mat-denklemler-ve-esitsizliklerle-ilgili-uygulamalar-test-1-a-02,Denklemler ve Eşitsizlikler,Problemler,HIGH,REMAP,2,/assets/meb-dort-dortluk-tyt-math-v11/meb-dort-dortluk-tyt-mat-denklemler-ve-esitsizliklerle-ilgili-uygulamalar-test-1-a-02.jpg,student-ready,True,Kaynak chapter 'Denklemler ve Eşitsizliklerle İlgili Uygulamalar' olduğundan canonical konu 'Problemler' olmalı.
meb-dort-dortluk-tyt-mat-denklemler-ve-esitsizliklerle-ilgili-uygulamalar-test-1-a-03,Denklemler ve Eşitsizlikler,Problemler,HIGH,REMAP,3,/assets/meb-dort-dortluk-tyt-math-v11/meb-dort-dortluk-tyt-mat-denklemler-ve-esitsizliklerle-ilgili-uygulamalar-test-1-a-03.jpg,student-ready,True,Kaynak chapter 'Denklemler ve Eşitsizliklerle İlgili Uygulamalar' olduğundan canonical konu 'Problemler' olmalı.
meb-dort-dortluk-tyt-mat-denklemler-ve-esitsizliklerle-ilgili-uygulamalar-test-1-a-04,Denklemler ve Eşitsizlikler,Problemler,HIGH,REMAP,4,/assets/meb-dort-dortluk-tyt-math-v11/meb-dort-dortluk-tyt-mat-denklemler-ve-esitsizliklerle-ilgili-uygulamalar-test-1-a-04.jpg,student-ready,True,Kaynak chapter 'Denklemler ve Eşitsizliklerle İlgili Uygulamalar' olduğundan canonical konu 'Problemler' olmalı.
meb-dort-dortluk-tyt-mat-denklemler-ve-esitsizliklerle-ilgili-uygulamalar-test-1-a-05,Denklemler ve Eşitsizlikler,Problemler,HIGH,REMAP,5,/assets/meb-dort-dortluk-tyt-math-v11/meb-dort-dortluk-tyt-mat-denklemler-ve-esitsizliklerle-ilgili-uygulamalar-test-1-a-05.jpg,student-ready,True,Kaynak chapter 'Denklemler ve Eşitsizliklerle İlgili Uygulamalar' olduğundan canonical konu 'Problemler' olmalı.
meb-dort-dortluk-tyt-mat-denklemler-ve-esitsizliklerle-ilgili-uygulamalar-test-1-a-06,Denklemler ve Eşitsizlikler,Problemler,HIGH,REMAP,6,/assets/meb-dort-dortluk-tyt-math-v11/meb-dort-dortluk-tyt-mat-denklemler-ve-esitsizliklerle-ilgili-uygulamalar-test-1-a-06.jpg,student-ready,True,Kaynak chapter 'Denklemler ve Eşitsizliklerle İlgili Uygulamalar' olduğundan canonical konu 'Problemler' olmalı.
meb-dort-dortluk-tyt-mat-denklemler-ve-esitsizliklerle-ilgili-uygulamalar-test-1-a-07,Denklemler ve Eşitsizlikler,Problemler,HIGH,REMAP,7,/assets/meb-dort-dortluk-tyt-math-v11/meb-dort-dortluk-tyt-mat-denklemler-ve-esitsizliklerle-ilgili-uygulamalar-test-1-a-07.jpg,student-ready,True,Kaynak chapter 'Denklemler ve Eşitsizliklerle İlgili Uygulamalar' olduğundan canonical konu 'Problemler' olmalı.
meb-dort-dortluk-tyt-mat-denklemler-ve-esitsizliklerle-ilgili-uygulamalar-test-1-a-08,Denklemler ve Eşitsizlikler,Problemler,HIGH,REMAP,8,/assets/meb-dort-dortluk-tyt-math-v11/meb-dort-dortluk-tyt-mat-denklemler-ve-esitsizliklerle-ilgili-uygulamalar-test-1-a-08.jpg,student-ready,True,Kaynak chapter 'Denklemler ve Eşitsizliklerle İlgili Uygulamalar' olduğundan canonical konu 'Problemler' olmalı.
meb-dort-dortluk-tyt-mat-denklemler-ve-esitsizliklerle-ilgili-uygulamalar-test-1-a-09,Denklemler ve Eşitsizlikler,Problemler,HIGH,REMAP,9,/assets/meb-dort-dortluk-tyt-math-v11/meb-dort-dortluk-tyt-mat-denklemler-ve-esitsizliklerle-ilgili-uygulamalar-test-1-a-09.jpg,student-ready,True,Kaynak chapter 'Denklemler ve Eşitsizliklerle İlgili Uygulamalar' olduğundan canonical konu 'Problemler' olmalı.
meb-dort-dortluk-tyt-mat-denklemler-ve-esitsizliklerle-ilgili-uygulamalar-test-1-a-10,Denklemler ve Eşitsizlikler,Problemler,HIGH,REMAP,10,/assets/meb-dort-dortluk-tyt-math-v11/meb-dort-dortluk-tyt-mat-denklemler-ve-esitsizliklerle-ilgili-uygulamalar-test-1-a-10.jpg,student-ready,True,Kaynak chapter 'Denklemler ve Eşitsizliklerle İlgili Uygulamalar' olduğundan canonical konu 'Problemler' olmalı.
meb-dort-dortluk-tyt-mat-denklemler-ve-esitsizliklerle-ilgili-uygulamalar-test-1-a-11,Denklemler ve Eşitsizlikler,Problemler,HIGH,REMAP,11,/assets/meb-dort-dortluk-tyt-math-v11/meb-dort-dortluk-tyt-mat-denklemler-ve-esitsizliklerle-ilgili-uygulamalar-test-1-a-11.jpg,student-ready,True,Kaynak chapter 'Denklemler ve Eşitsizliklerle İlgili Uygulamalar' olduğundan canonical konu 'Problemler' olmalı.
meb-dort-dortluk-tyt-mat-denklemler-ve-esitsizliklerle-ilgili-uygulamalar-test-1-b-01,Denklemler ve Eşitsizlikler,Problemler,HIGH,REMAP,1,/assets/meb-dort-dortluk-tyt-math-v11/meb-dort-dortluk-tyt-mat-denklemler-ve-esitsizliklerle-ilgili-uygulamalar-test-1-b-01.jpg,student-ready,True,Kaynak chapter 'Denklemler ve Eşitsizliklerle İlgili Uygulamalar' olduğundan canonical konu 'Problemler' olmalı.
meb-dort-dortluk-tyt-mat-denklemler-ve-esitsizliklerle-ilgili-uygulamalar-test-1-b-02,Denklemler ve Eşitsizlikler,Problemler,HIGH,REMAP,2,/assets/meb-dort-dortluk-tyt-math-v11/meb-dort-dortluk-tyt-mat-denklemler-ve-esitsizliklerle-ilgili-uygulamalar-test-1-b-02.jpg,student-ready,True,Kaynak chapter 'Denklemler ve Eşitsizliklerle İlgili Uygulamalar' olduğundan canonical konu 'Problemler' olmalı.
meb-dort-dortluk-tyt-mat-denklemler-ve-esitsizliklerle-ilgili-uygulamalar-test-1-b-03,Denklemler ve Eşitsizlikler,Problemler,HIGH,REMAP,3,/assets/meb-dort-dortluk-tyt-math-v11/meb-dort-dortluk-tyt-mat-denklemler-ve-esitsizliklerle-ilgili-uygulamalar-test-1-b-03.jpg,student-ready,True,Kaynak chapter 'Denklemler ve Eşitsizliklerle İlgili Uygulamalar' olduğundan canonical konu 'Problemler' olmalı.
meb-dort-dortluk-tyt-mat-denklemler-ve-esitsizliklerle-ilgili-uygulamalar-test-1-b-04,Denklemler ve Eşitsizlikler,Problemler,HIGH,REMAP,4,/assets/meb-dort-dortluk-tyt-math-v11/meb-dort-dortluk-tyt-mat-denklemler-ve-esitsizliklerle-ilgili-uygulamalar-test-1-b-04.jpg,student-ready,True,Kaynak chapter 'Denklemler ve Eşitsizliklerle İlgili Uygulamalar' olduğundan canonical konu 'Problemler' olmalı.
meb-dort-dortluk-tyt-mat-denklemler-ve-esitsizliklerle-ilgili-uygulamalar-test-1-b-05,Denklemler ve Eşitsizlikler,Problemler,HIGH,REMAP,5,/assets/meb-dort-dortluk-tyt-math-v11/meb-dort-dortluk-tyt-mat-denklemler-ve-esitsizliklerle-ilgili-uygulamalar-test-1-b-05.jpg,student-ready,True,Kaynak chapter 'Denklemler ve Eşitsizliklerle İlgili Uygulamalar' olduğundan canonical konu 'Problemler' olmalı.
meb-dort-dortluk-tyt-mat-denklemler-ve-esitsizliklerle-ilgili-uygulamalar-test-1-b-06,Denklemler ve Eşitsizlikler,Problemler,HIGH,REMAP,6,/assets/meb-dort-dortluk-tyt-math-v11/meb-dort-dortluk-tyt-mat-denklemler-ve-esitsizliklerle-ilgili-uygulamalar-test-1-b-06.jpg,student-ready,True,Kaynak chapter 'Denklemler ve Eşitsizliklerle İlgili Uygulamalar' olduğundan canonical konu 'Problemler' olmalı.
meb-dort-dortluk-tyt-mat-denklemler-ve-esitsizliklerle-ilgili-uygulamalar-test-1-b-07,Denklemler ve Eşitsizlikler,Problemler,HIGH,REMAP,7,/assets/meb-dort-dortluk-tyt-math-v11/meb-dort-dortluk-tyt-mat-denklemler-ve-esitsizliklerle-ilgili-uygulamalar-test-1-b-07.jpg,student-ready,True,Kaynak chapter 'Denklemler ve Eşitsizliklerle İlgili Uygulamalar' olduğundan canonical konu 'Problemler' olmalı.
meb-dort-dortluk-tyt-mat-denklemler-ve-esitsizliklerle-ilgili-uygulamalar-test-1-b-08,Denklemler ve Eşitsizlikler,Problemler,HIGH,REMAP,8,/assets/meb-dort-dortluk-tyt-math-v11/meb-dort-dortluk-tyt-mat-denklemler-ve-esitsizliklerle-ilgili-uygulamalar-test-1-b-08.jpg,student-ready,True,Kaynak chapter 'Denklemler ve Eşitsizliklerle İlgili Uygulamalar' olduğundan canonical konu 'Problemler' olmalı.
meb-dort-dortluk-tyt-mat-denklemler-ve-esitsizliklerle-ilgili-uygulamalar-test-1-b-09,Denklemler ve Eşitsizlikler,Problemler,HIGH,REMAP,9,/assets/meb-dort-dortluk-tyt-math-v11/meb-dort-dortluk-tyt-mat-denklemler-ve-esitsizliklerle-ilgili-uygulamalar-test-1-b-09.jpg,student-ready,True,Kaynak chapter 'Denklemler ve Eşitsizliklerle İlgili Uygulamalar' olduğundan canonical konu 'Problemler' olmalı.
meb-dort-dortluk-tyt-mat-denklemler-ve-esitsizliklerle-ilgili-uygulamalar-test-1-b-10,Denklemler ve Eşitsizlikler,Problemler,HIGH,REMAP,10,/assets/meb-dort-dortluk-tyt-math-v11/meb-dort-dortluk-tyt-mat-denklemler-ve-esitsizliklerle-ilgili-uygulamalar-test-1-b-10.jpg,student-ready,True,Kaynak chapter 'Denklemler ve Eşitsizliklerle İlgili Uygulamalar' olduğundan canonical konu 'Problemler' olmalı.
meb-dort-dortluk-tyt-mat-denklemler-ve-esitsizliklerle-ilgili-uygulamalar-test-1-b-11,Denklemler ve Eşitsizlikler,Problemler,HIGH,REMAP,11,/assets/meb-dort-dortluk-tyt-math-v11/meb-dort-dortluk-tyt-mat-denklemler-ve-esitsizliklerle-ilgili-uygulamalar-test-1-b-11.jpg,student-ready,True,Kaynak chapter 'Denklemler ve Eşitsizliklerle İlgili Uygulamalar' olduğundan canonical konu 'Problemler' olmalı.
meb-dort-dortluk-tyt-mat-denklemler-ve-esitsizliklerle-ilgili-uygulamalar-test-1-c-01,Denklemler ve Eşitsizlikler,Problemler,HIGH,REMAP,1,/assets/meb-dort-dortluk-tyt-math-v11/meb-dort-dortluk-tyt-mat-denklemler-ve-esitsizliklerle-ilgili-uygulamalar-test-1-c-01.jpg,student-ready,True,Kaynak chapter 'Denklemler ve Eşitsizliklerle İlgili Uygulamalar' olduğundan canonical konu 'Problemler' olmalı.
meb-dort-dortluk-tyt-mat-denklemler-ve-esitsizliklerle-ilgili-uygulamalar-test-1-c-02,Denklemler ve Eşitsizlikler,Problemler,HIGH,REMAP,2,/assets/meb-dort-dortluk-tyt-math-v11/meb-dort-dortluk-tyt-mat-denklemler-ve-esitsizliklerle-ilgili-uygulamalar-test-1-c-02.jpg,student-ready,True,Kaynak chapter 'Denklemler ve Eşitsizliklerle İlgili Uygulamalar' olduğundan canonical konu 'Problemler' olmalı.
meb-dort-dortluk-tyt-mat-denklemler-ve-esitsizliklerle-ilgili-uygulamalar-test-1-c-03,Denklemler ve Eşitsizlikler,Problemler,HIGH,REMAP,3,/assets/meb-dort-dortluk-tyt-math-v11/meb-dort-dortluk-tyt-mat-denklemler-ve-esitsizliklerle-ilgili-uygulamalar-test-1-c-03.jpg,student-ready,True,Kaynak chapter 'Denklemler ve Eşitsizliklerle İlgili Uygulamalar' olduğundan canonical konu 'Problemler' olmalı.
meb-dort-dortluk-tyt-mat-denklemler-ve-esitsizliklerle-ilgili-uygulamalar-test-1-c-04,Denklemler ve Eşitsizlikler,Problemler,HIGH,REMAP,4,/assets/meb-dort-dortluk-tyt-math-v11/meb-dort-dortluk-tyt-mat-denklemler-ve-esitsizliklerle-ilgili-uygulamalar-test-1-c-04.jpg,student-ready,True,Kaynak chapter 'Denklemler ve Eşitsizliklerle İlgili Uygulamalar' olduğundan canonical konu 'Problemler' olmalı.
meb-dort-dortluk-tyt-mat-denklemler-ve-esitsizliklerle-ilgili-uygulamalar-test-1-c-05,Denklemler ve Eşitsizlikler,Problemler,HIGH,REMAP,5,/assets/meb-dort-dortluk-tyt-math-v11/meb-dort-dortluk-tyt-mat-denklemler-ve-esitsizliklerle-ilgili-uygulamalar-test-1-c-05.jpg,student-ready,True,Kaynak chapter 'Denklemler ve Eşitsizliklerle İlgili Uygulamalar' olduğundan canonical konu 'Problemler' olmalı.
meb-dort-dortluk-tyt-mat-denklemler-ve-esitsizliklerle-ilgili-uygulamalar-test-1-c-06,Denklemler ve Eşitsizlikler,Problemler,HIGH,REMAP,6,/assets/meb-dort-dortluk-tyt-math-v11/meb-dort-dortluk-tyt-mat-denklemler-ve-esitsizliklerle-ilgili-uygulamalar-test-1-c-06.jpg,student-ready,True,Kaynak chapter 'Denklemler ve Eşitsizliklerle İlgili Uygulamalar' olduğundan canonical konu 'Problemler' olmalı.
meb-dort-dortluk-tyt-mat-denklemler-ve-esitsizliklerle-ilgili-uygulamalar-test-1-c-07,Denklemler ve Eşitsizlikler,Problemler,HIGH,REMAP,7,/assets/meb-dort-dortluk-tyt-math-v11/meb-dort-dortluk-tyt-mat-denklemler-ve-esitsizliklerle-ilgili-uygulamalar-test-1-c-07.jpg,student-ready,True,Kaynak chapter 'Denklemler ve Eşitsizliklerle İlgili Uygulamalar' olduğundan canonical konu 'Problemler' olmalı.
meb-dort-dortluk-tyt-mat-denklemler-ve-esitsizliklerle-ilgili-uygulamalar-test-1-c-08,Denklemler ve Eşitsizlikler,Problemler,HIGH,REMAP,8,/assets/meb-dort-dortluk-tyt-math-v11/meb-dort-dortluk-tyt-mat-denklemler-ve-esitsizliklerle-ilgili-uygulamalar-test-1-c-08.jpg,student-ready,True,Kaynak chapter 'Denklemler ve Eşitsizliklerle İlgili Uygulamalar' olduğundan canonical konu 'Problemler' olmalı.
meb-dort-dortluk-tyt-mat-denklemler-ve-esitsizliklerle-ilgili-uygulamalar-test-1-c-09,Denklemler ve Eşitsizlikler,Problemler,HIGH,REMAP,9,/assets/meb-dort-dortluk-tyt-math-v11/meb-dort-dortluk-tyt-mat-denklemler-ve-esitsizliklerle-ilgili-uygulamalar-test-1-c-09.jpg,student-ready,True,Kaynak chapter 'Denklemler ve Eşitsizliklerle İlgili Uygulamalar' olduğundan canonical konu 'Problemler' olmalı.
meb-dort-dortluk-tyt-mat-denklemler-ve-esitsizliklerle-ilgili-uygulamalar-test-1-c-10,Denklemler ve Eşitsizlikler,Problemler,HIGH,REMAP,10,/assets/meb-dort-dortluk-tyt-math-v11/meb-dort-dortluk-tyt-mat-denklemler-ve-esitsizliklerle-ilgili-uygulamalar-test-1-c-10.jpg,student-ready,True,Kaynak chapter 'Denklemler ve Eşitsizliklerle İlgili Uygulamalar' olduğundan canonical konu 'Problemler' olmalı.
meb-dort-dortluk-tyt-mat-denklemler-ve-esitsizliklerle-ilgili-uygulamalar-test-1-c-11,Denklemler ve Eşitsizlikler,Problemler,HIGH,REMAP,11,/assets/meb-dort-dortluk-tyt-math-v11/meb-dort-dortluk-tyt-mat-denklemler-ve-esitsizliklerle-ilgili-uygulamalar-test-1-c-11.jpg,student-ready,True,Kaynak chapter 'Denklemler ve Eşitsizliklerle İlgili Uygulamalar' olduğundan canonical konu 'Problemler' olmalı.
meb-dort-dortluk-tyt-mat-denklemler-ve-esitsizliklerle-ilgili-uygulamalar-test-1-c-12,Denklemler ve Eşitsizlikler,Problemler,HIGH,REMAP,12,/assets/meb-dort-dortluk-tyt-math-v11/meb-dort-dortluk-tyt-mat-denklemler-ve-esitsizliklerle-ilgili-uygulamalar-test-1-c-12.jpg,student-ready,True,Kaynak chapter 'Denklemler ve Eşitsizliklerle İlgili Uygulamalar' olduğundan canonical konu 'Problemler' olmalı.
meb-dort-dortluk-tyt-mat-denklemler-ve-esitsizliklerle-ilgili-uygulamalar-test-2-a-01,Denklemler ve Eşitsizlikler,Problemler,HIGH,REMAP,1,/assets/meb-dort-dortluk-tyt-math-v11/meb-dort-dortluk-tyt-mat-denklemler-ve-esitsizliklerle-ilgili-uygulamalar-test-2-a-01.jpg,student-ready,True,Kaynak chapter 'Denklemler ve Eşitsizliklerle İlgili Uygulamalar' olduğundan canonical konu 'Problemler' olmalı.
meb-dort-dortluk-tyt-mat-denklemler-ve-esitsizliklerle-ilgili-uygulamalar-test-2-a-02,Denklemler ve Eşitsizlikler,Problemler,HIGH,REMAP,2,/assets/meb-dort-dortluk-tyt-math-v11/meb-dort-dortluk-tyt-mat-denklemler-ve-esitsizliklerle-ilgili-uygulamalar-test-2-a-02.jpg,student-ready,True,Kaynak chapter 'Denklemler ve Eşitsizliklerle İlgili Uygulamalar' olduğundan canonical konu 'Problemler' olmalı.
meb-dort-dortluk-tyt-mat-denklemler-ve-esitsizliklerle-ilgili-uygulamalar-test-2-a-03,Denklemler ve Eşitsizlikler,Problemler,HIGH,REMAP,3,/assets/meb-dort-dortluk-tyt-math-v11/meb-dort-dortluk-tyt-mat-denklemler-ve-esitsizliklerle-ilgili-uygulamalar-test-2-a-03.jpg,student-ready,True,Kaynak chapter 'Denklemler ve Eşitsizliklerle İlgili Uygulamalar' olduğundan canonical konu 'Problemler' olmalı.
meb-dort-dortluk-tyt-mat-denklemler-ve-esitsizliklerle-ilgili-uygulamalar-test-2-a-04,Denklemler ve Eşitsizlikler,Problemler,HIGH,REMAP,4,/assets/meb-dort-dortluk-tyt-math-v11/meb-dort-dortluk-tyt-mat-denklemler-ve-esitsizliklerle-ilgili-uygulamalar-test-2-a-04.jpg,student-ready,True,Kaynak chapter 'Denklemler ve Eşitsizliklerle İlgili Uygulamalar' olduğundan canonical konu 'Problemler' olmalı.
meb-dort-dortluk-tyt-mat-denklemler-ve-esitsizliklerle-ilgili-uygulamalar-test-2-a-05,Denklemler ve Eşitsizlikler,Problemler,HIGH,REMAP,5,/assets/meb-dort-dortluk-tyt-math-v11/meb-dort-dortluk-tyt-mat-denklemler-ve-esitsizliklerle-ilgili-uygulamalar-test-2-a-05.jpg,student-ready,True,Kaynak chapter 'Denklemler ve Eşitsizliklerle İlgili Uygulamalar' olduğundan canonical konu 'Problemler' olmalı.
meb-dort-dortluk-tyt-mat-denklemler-ve-esitsizliklerle-ilgili-uygulamalar-test-2-a-06,Denklemler ve Eşitsizlikler,Problemler,HIGH,REMAP,6,/assets/meb-dort-dortluk-tyt-math-v11/meb-dort-dortluk-tyt-mat-denklemler-ve-esitsizliklerle-ilgili-uygulamalar-test-2-a-06.jpg,student-ready,True,Kaynak chapter 'Denklemler ve Eşitsizliklerle İlgili Uygulamalar' olduğundan canonical konu 'Problemler' olmalı.
meb-dort-dortluk-tyt-mat-denklemler-ve-esitsizliklerle-ilgili-uygulamalar-test-2-a-07,Denklemler ve Eşitsizlikler,Problemler,HIGH,REMAP,7,/assets/meb-dort-dortluk-tyt-math-v11/meb-dort-dortluk-tyt-mat-denklemler-ve-esitsizliklerle-ilgili-uygulamalar-test-2-a-07.jpg,student-ready,True,Kaynak chapter 'Denklemler ve Eşitsizliklerle İlgili Uygulamalar' olduğundan canonical konu 'Problemler' olmalı.
meb-dort-dortluk-tyt-mat-denklemler-ve-esitsizliklerle-ilgili-uygulamalar-test-2-a-08,Denklemler ve Eşitsizlikler,Problemler,HIGH,REMAP,8,/assets/meb-dort-dortluk-tyt-math-v11/meb-dort-dortluk-tyt-mat-denklemler-ve-esitsizliklerle-ilgili-uygulamalar-test-2-a-08.jpg,student-ready,True,Kaynak chapter 'Denklemler ve Eşitsizliklerle İlgili Uygulamalar' olduğundan canonical konu 'Problemler' olmalı.
meb-dort-dortluk-tyt-mat-denklemler-ve-esitsizliklerle-ilgili-uygulamalar-test-2-a-09,Denklemler ve Eşitsizlikler,Problemler,HIGH,REMAP,9,/assets/meb-dort-dortluk-tyt-math-v11/meb-dort-dortluk-tyt-mat-denklemler-ve-esitsizliklerle-ilgili-uygulamalar-test-2-a-09.jpg,student-ready,True,Kaynak chapter 'Denklemler ve Eşitsizliklerle İlgili Uygulamalar' olduğundan canonical konu 'Problemler' olmalı.
meb-dort-dortluk-tyt-mat-denklemler-ve-esitsizliklerle-ilgili-uygulamalar-test-2-a-10,Denklemler ve Eşitsizlikler,Problemler,HIGH,REMAP,10,/assets/meb-dort-dortluk-tyt-math-v11/meb-dort-dortluk-tyt-mat-denklemler-ve-esitsizliklerle-ilgili-uygulamalar-test-2-a-10.jpg,student-ready,True,Kaynak chapter 'Denklemler ve Eşitsizliklerle İlgili Uygulamalar' olduğundan canonical konu 'Problemler' olmalı.
meb-dort-dortluk-tyt-mat-denklemler-ve-esitsizliklerle-ilgili-uygulamalar-test-2-a-11,Denklemler ve Eşitsizlikler,Problemler,HIGH,REMAP,11,/assets/meb-dort-dortluk-tyt-math-v11/meb-dort-dortluk-tyt-mat-denklemler-ve-esitsizliklerle-ilgili-uygulamalar-test-2-a-11.jpg,student-ready,True,Kaynak chapter 'Denklemler ve Eşitsizliklerle İlgili Uygulamalar' olduğundan canonical konu 'Problemler' olmalı.
meb-dort-dortluk-tyt-mat-denklemler-ve-esitsizliklerle-ilgili-uygulamalar-test-2-a-12,Denklemler ve Eşitsizlikler,Problemler,HIGH,REMAP,12,/assets/meb-dort-dortluk-tyt-math-v11/meb-dort-dortluk-tyt-mat-denklemler-ve-esitsizliklerle-ilgili-uygulamalar-test-2-a-12.jpg,student-ready,True,Kaynak chapter 'Denklemler ve Eşitsizliklerle İlgili Uygulamalar' olduğundan canonical konu 'Problemler' olmalı.
meb-dort-dortluk-tyt-mat-denklemler-ve-esitsizliklerle-ilgili-uygulamalar-test-2-b-01,Denklemler ve Eşitsizlikler,Problemler,HIGH,REMAP,1,/assets/meb-dort-dortluk-tyt-math-v11/meb-dort-dortluk-tyt-mat-denklemler-ve-esitsizliklerle-ilgili-uygulamalar-test-2-b-01.jpg,student-ready,True,Kaynak chapter 'Denklemler ve Eşitsizliklerle İlgili Uygulamalar' olduğundan canonical konu 'Problemler' olmalı.
meb-dort-dortluk-tyt-mat-denklemler-ve-esitsizliklerle-ilgili-uygulamalar-test-2-b-02,Denklemler ve Eşitsizlikler,Problemler,HIGH,REMAP,2,/assets/meb-dort-dortluk-tyt-math-v11/meb-dort-dortluk-tyt-mat-denklemler-ve-esitsizliklerle-ilgili-uygulamalar-test-2-b-02.jpg,student-ready,True,Kaynak chapter 'Denklemler ve Eşitsizliklerle İlgili Uygulamalar' olduğundan canonical konu 'Problemler' olmalı.
meb-dort-dortluk-tyt-mat-denklemler-ve-esitsizliklerle-ilgili-uygulamalar-test-2-b-03,Denklemler ve Eşitsizlikler,Problemler,HIGH,REMAP,3,/assets/meb-dort-dortluk-tyt-math-v11/meb-dort-dortluk-tyt-mat-denklemler-ve-esitsizliklerle-ilgili-uygulamalar-test-2-b-03.jpg,student-ready,True,Kaynak chapter 'Denklemler ve Eşitsizliklerle İlgili Uygulamalar' olduğundan canonical konu 'Problemler' olmalı.
meb-dort-dortluk-tyt-mat-denklemler-ve-esitsizliklerle-ilgili-uygulamalar-test-2-b-04,Denklemler ve Eşitsizlikler,Problemler,HIGH,REMAP,4,/assets/meb-dort-dortluk-tyt-math-v11/meb-dort-dortluk-tyt-mat-denklemler-ve-esitsizliklerle-ilgili-uygulamalar-test-2-b-04.jpg,student-ready,True,Kaynak chapter 'Denklemler ve Eşitsizliklerle İlgili Uygulamalar' olduğundan canonical konu 'Problemler' olmalı.
meb-dort-dortluk-tyt-mat-denklemler-ve-esitsizliklerle-ilgili-uygulamalar-test-2-b-05,Denklemler ve Eşitsizlikler,Problemler,HIGH,REMAP,5,/assets/meb-dort-dortluk-tyt-math-v11/meb-dort-dortluk-tyt-mat-denklemler-ve-esitsizliklerle-ilgili-uygulamalar-test-2-b-05.jpg,student-ready,True,Kaynak chapter 'Denklemler ve Eşitsizliklerle İlgili Uygulamalar' olduğundan canonical konu 'Problemler' olmalı.
meb-dort-dortluk-tyt-mat-denklemler-ve-esitsizliklerle-ilgili-uygulamalar-test-2-b-06,Denklemler ve Eşitsizlikler,Problemler,HIGH,REMAP,6,/assets/meb-dort-dortluk-tyt-math-v11/meb-dort-dortluk-tyt-mat-denklemler-ve-esitsizliklerle-ilgili-uygulamalar-test-2-b-06.jpg,student-ready,True,Kaynak chapter 'Denklemler ve Eşitsizliklerle İlgili Uygulamalar' olduğundan canonical konu 'Problemler' olmalı.
meb-dort-dortluk-tyt-mat-denklemler-ve-esitsizliklerle-ilgili-uygulamalar-test-2-b-07,Denklemler ve Eşitsizlikler,Problemler,HIGH,REMAP,7,/assets/meb-dort-dortluk-tyt-math-v11/meb-dort-dortluk-tyt-mat-denklemler-ve-esitsizliklerle-ilgili-uygulamalar-test-2-b-07.jpg,student-ready,True,Kaynak chapter 'Denklemler ve Eşitsizliklerle İlgili Uygulamalar' olduğundan canonical konu 'Problemler' olmalı.
meb-dort-dortluk-tyt-mat-denklemler-ve-esitsizliklerle-ilgili-uygulamalar-test-2-b-08,Denklemler ve Eşitsizlikler,Problemler,HIGH,REMAP,8,/assets/meb-dort-dortluk-tyt-math-v11/meb-dort-dortluk-tyt-mat-denklemler-ve-esitsizliklerle-ilgili-uygulamalar-test-2-b-08.jpg,student-ready,True,Kaynak chapter 'Denklemler ve Eşitsizliklerle İlgili Uygulamalar' olduğundan canonical konu 'Problemler' olmalı.
meb-dort-dortluk-tyt-mat-denklemler-ve-esitsizliklerle-ilgili-uygulamalar-test-2-b-09,Denklemler ve Eşitsizlikler,Problemler,HIGH,REMAP,9,/assets/meb-dort-dortluk-tyt-math-v11/meb-dort-dortluk-tyt-mat-denklemler-ve-esitsizliklerle-ilgili-uygulamalar-test-2-b-09.jpg,student-ready,True,Kaynak chapter 'Denklemler ve Eşitsizliklerle İlgili Uygulamalar' olduğundan canonical konu 'Problemler' olmalı.
meb-dort-dortluk-tyt-mat-denklemler-ve-esitsizliklerle-ilgili-uygulamalar-test-2-b-10,Denklemler ve Eşitsizlikler,Problemler,HIGH,REMAP,10,/assets/meb-dort-dortluk-tyt-math-v11/meb-dort-dortluk-tyt-mat-denklemler-ve-esitsizliklerle-ilgili-uygulamalar-test-2-b-10.jpg,student-ready,True,Kaynak chapter 'Denklemler ve Eşitsizliklerle İlgili Uygulamalar' olduğundan canonical konu 'Problemler' olmalı.
meb-dort-dortluk-tyt-mat-denklemler-ve-esitsizliklerle-ilgili-uygulamalar-test-2-c-01,Denklemler ve Eşitsizlikler,Problemler,HIGH,REMAP,1,/assets/meb-dort-dortluk-tyt-math-v11/meb-dort-dortluk-tyt-mat-denklemler-ve-esitsizliklerle-ilgili-uygulamalar-test-2-c-01.jpg,student-ready,True,Kaynak chapter 'Denklemler ve Eşitsizliklerle İlgili Uygulamalar' olduğundan canonical konu 'Problemler' olmalı.
meb-dort-dortluk-tyt-mat-denklemler-ve-esitsizliklerle-ilgili-uygulamalar-test-2-c-02,Denklemler ve Eşitsizlikler,Problemler,HIGH,REMAP,2,/assets/meb-dort-dortluk-tyt-math-v11/meb-dort-dortluk-tyt-mat-denklemler-ve-esitsizliklerle-ilgili-uygulamalar-test-2-c-02.jpg,student-ready,True,Kaynak chapter 'Denklemler ve Eşitsizliklerle İlgili Uygulamalar' olduğundan canonical konu 'Problemler' olmalı.
meb-dort-dortluk-tyt-mat-denklemler-ve-esitsizliklerle-ilgili-uygulamalar-test-2-c-03,Denklemler ve Eşitsizlikler,Problemler,HIGH,REMAP,3,/assets/meb-dort-dortluk-tyt-math-v11/meb-dort-dortluk-tyt-mat-denklemler-ve-esitsizliklerle-ilgili-uygulamalar-test-2-c-03.jpg,student-ready,True,Kaynak chapter 'Denklemler ve Eşitsizliklerle İlgili Uygulamalar' olduğundan canonical konu 'Problemler' olmalı.
meb-dort-dortluk-tyt-mat-denklemler-ve-esitsizliklerle-ilgili-uygulamalar-test-2-c-04,Denklemler ve Eşitsizlikler,Problemler,HIGH,REMAP,4,/assets/meb-dort-dortluk-tyt-math-v11/meb-dort-dortluk-tyt-mat-denklemler-ve-esitsizliklerle-ilgili-uygulamalar-test-2-c-04.jpg,student-ready,True,Kaynak chapter 'Denklemler ve Eşitsizliklerle İlgili Uygulamalar' olduğundan canonical konu 'Problemler' olmalı.
meb-dort-dortluk-tyt-mat-denklemler-ve-esitsizliklerle-ilgili-uygulamalar-test-2-c-05,Denklemler ve Eşitsizlikler,Problemler,HIGH,REMAP,5,/assets/meb-dort-dortluk-tyt-math-v11/meb-dort-dortluk-tyt-mat-denklemler-ve-esitsizliklerle-ilgili-uygulamalar-test-2-c-05.jpg,student-ready,True,Kaynak chapter 'Denklemler ve Eşitsizliklerle İlgili Uygulamalar' olduğundan canonical konu 'Problemler' olmalı.
meb-dort-dortluk-tyt-mat-denklemler-ve-esitsizliklerle-ilgili-uygulamalar-test-2-c-06,Denklemler ve Eşitsizlikler,Problemler,HIGH,REMAP,6,/assets/meb-dort-dortluk-tyt-math-v11/meb-dort-dortluk-tyt-mat-denklemler-ve-esitsizliklerle-ilgili-uygulamalar-test-2-c-06.jpg,student-ready,True,Kaynak chapter 'Denklemler ve Eşitsizliklerle İlgili Uygulamalar' olduğundan canonical konu 'Problemler' olmalı.
meb-dort-dortluk-tyt-mat-denklemler-ve-esitsizliklerle-ilgili-uygulamalar-test-2-c-07,Denklemler ve Eşitsizlikler,Problemler,HIGH,REMAP,7,/assets/meb-dort-dortluk-tyt-math-v11/meb-dort-dortluk-tyt-mat-denklemler-ve-esitsizliklerle-ilgili-uygulamalar-test-2-c-07.jpg,student-ready,True,Kaynak chapter 'Denklemler ve Eşitsizliklerle İlgili Uygulamalar' olduğundan canonical konu 'Problemler' olmalı.
meb-dort-dortluk-tyt-mat-denklemler-ve-esitsizliklerle-ilgili-uygulamalar-test-2-c-08,Denklemler ve Eşitsizlikler,Problemler,HIGH,REMAP,8,/assets/meb-dort-dortluk-tyt-math-v11/meb-dort-dortluk-tyt-mat-denklemler-ve-esitsizliklerle-ilgili-uygulamalar-test-2-c-08.jpg,student-ready,True,Kaynak chapter 'Denklemler ve Eşitsizliklerle İlgili Uygulamalar' olduğundan canonical konu 'Problemler' olmalı.
meb-dort-dortluk-tyt-mat-denklemler-ve-esitsizliklerle-ilgili-uygulamalar-test-2-c-09,Denklemler ve Eşitsizlikler,Problemler,HIGH,REMAP,9,/assets/meb-dort-dortluk-tyt-math-v11/meb-dort-dortluk-tyt-mat-denklemler-ve-esitsizliklerle-ilgili-uygulamalar-test-2-c-09.jpg,student-ready,True,Kaynak chapter 'Denklemler ve Eşitsizliklerle İlgili Uygulamalar' olduğundan canonical konu 'Problemler' olmalı.
meb-dort-dortluk-tyt-mat-denklemler-ve-esitsizliklerle-ilgili-uygulamalar-test-2-c-10,Denklemler ve Eşitsizlikler,Problemler,HIGH,REMAP,10,/assets/meb-dort-dortluk-tyt-math-v11/meb-dort-dortluk-tyt-mat-denklemler-ve-esitsizliklerle-ilgili-uygulamalar-test-2-c-10.jpg,student-ready,True,Kaynak chapter 'Denklemler ve Eşitsizliklerle İlgili Uygulamalar' olduğundan canonical konu 'Problemler' olmalı.
meb-dort-dortluk-tyt-mat-denklemler-ve-esitsizliklerle-ilgili-uygulamalar-test-2-c-11,Denklemler ve Eşitsizlikler,Problemler,HIGH,REMAP,11,/assets/meb-dort-dortluk-tyt-math-v11/meb-dort-dortluk-tyt-mat-denklemler-ve-esitsizliklerle-ilgili-uygulamalar-test-2-c-11.jpg,student-ready,True,Kaynak chapter 'Denklemler ve Eşitsizliklerle İlgili Uygulamalar' olduğundan canonical konu 'Problemler' olmalı.
meb-dort-dortluk-tyt-mat-denklemler-ve-esitsizliklerle-ilgili-uygulamalar-test-3-a-01,Denklemler ve Eşitsizlikler,Problemler,HIGH,REMAP,1,/assets/meb-dort-dortluk-tyt-math-v11/meb-dort-dortluk-tyt-mat-denklemler-ve-esitsizliklerle-ilgili-uygulamalar-test-3-a-01.jpg,student-ready,True,Kaynak chapter 'Denklemler ve Eşitsizliklerle İlgili Uygulamalar' olduğundan canonical konu 'Problemler' olmalı.
meb-dort-dortluk-tyt-mat-denklemler-ve-esitsizliklerle-ilgili-uygulamalar-test-3-a-02,Denklemler ve Eşitsizlikler,Problemler,HIGH,REMAP,2,/assets/meb-dort-dortluk-tyt-math-v11/meb-dort-dortluk-tyt-mat-denklemler-ve-esitsizliklerle-ilgili-uygulamalar-test-3-a-02.jpg,student-ready,True,Kaynak chapter 'Denklemler ve Eşitsizliklerle İlgili Uygulamalar' olduğundan canonical konu 'Problemler' olmalı.
meb-dort-dortluk-tyt-mat-denklemler-ve-esitsizliklerle-ilgili-uygulamalar-test-3-a-03,Denklemler ve Eşitsizlikler,Problemler,HIGH,REMAP,3,/assets/meb-dort-dortluk-tyt-math-v11/meb-dort-dortluk-tyt-mat-denklemler-ve-esitsizliklerle-ilgili-uygulamalar-test-3-a-03.jpg,student-ready,True,Kaynak chapter 'Denklemler ve Eşitsizliklerle İlgili Uygulamalar' olduğundan canonical konu 'Problemler' olmalı.
meb-dort-dortluk-tyt-mat-denklemler-ve-esitsizliklerle-ilgili-uygulamalar-test-3-a-04,Denklemler ve Eşitsizlikler,Problemler,HIGH,REMAP,4,/assets/meb-dort-dortluk-tyt-math-v11/meb-dort-dortluk-tyt-mat-denklemler-ve-esitsizliklerle-ilgili-uygulamalar-test-3-a-04.jpg,student-ready,True,Kaynak chapter 'Denklemler ve Eşitsizliklerle İlgili Uygulamalar' olduğundan canonical konu 'Problemler' olmalı.
meb-dort-dortluk-tyt-mat-denklemler-ve-esitsizliklerle-ilgili-uygulamalar-test-3-a-05,Denklemler ve Eşitsizlikler,Problemler,HIGH,REMAP,5,/assets/meb-dort-dortluk-tyt-math-v11/meb-dort-dortluk-tyt-mat-denklemler-ve-esitsizliklerle-ilgili-uygulamalar-test-3-a-05.jpg,student-ready,True,Kaynak chapter 'Denklemler ve Eşitsizliklerle İlgili Uygulamalar' olduğundan canonical konu 'Problemler' olmalı.
meb-dort-dortluk-tyt-mat-denklemler-ve-esitsizliklerle-ilgili-uygulamalar-test-3-a-06,Denklemler ve Eşitsizlikler,Problemler,HIGH,REMAP,6,/assets/meb-dort-dortluk-tyt-math-v11/meb-dort-dortluk-tyt-mat-denklemler-ve-esitsizliklerle-ilgili-uygulamalar-test-3-a-06.jpg,student-ready,True,Kaynak chapter 'Denklemler ve Eşitsizliklerle İlgili Uygulamalar' olduğundan canonical konu 'Problemler' olmalı.
meb-dort-dortluk-tyt-mat-denklemler-ve-esitsizliklerle-ilgili-uygulamalar-test-3-a-07,Denklemler ve Eşitsizlikler,Problemler,HIGH,REMAP,7,/assets/meb-dort-dortluk-tyt-math-v11/meb-dort-dortluk-tyt-mat-denklemler-ve-esitsizliklerle-ilgili-uygulamalar-test-3-a-07.jpg,student-ready,True,Kaynak chapter 'Denklemler ve Eşitsizliklerle İlgili Uygulamalar' olduğundan canonical konu 'Problemler' olmalı.
meb-dort-dortluk-tyt-mat-denklemler-ve-esitsizliklerle-ilgili-uygulamalar-test-3-a-08,Denklemler ve Eşitsizlikler,Problemler,HIGH,REMAP,8,/assets/meb-dort-dortluk-tyt-math-v11/meb-dort-dortluk-tyt-mat-denklemler-ve-esitsizliklerle-ilgili-uygulamalar-test-3-a-08.jpg,student-ready,True,Kaynak chapter 'Denklemler ve Eşitsizliklerle İlgili Uygulamalar' olduğundan canonical konu 'Problemler' olmalı.
meb-dort-dortluk-tyt-mat-denklemler-ve-esitsizliklerle-ilgili-uygulamalar-test-3-a-09,Denklemler ve Eşitsizlikler,Problemler,HIGH,REMAP,9,/assets/meb-dort-dortluk-tyt-math-v11/meb-dort-dortluk-tyt-mat-denklemler-ve-esitsizliklerle-ilgili-uygulamalar-test-3-a-09.jpg,student-ready,True,Kaynak chapter 'Denklemler ve Eşitsizliklerle İlgili Uygulamalar' olduğundan canonical konu 'Problemler' olmalı.
meb-dort-dortluk-tyt-mat-denklemler-ve-esitsizliklerle-ilgili-uygulamalar-test-3-a-10,Denklemler ve Eşitsizlikler,Problemler,HIGH,REMAP,10,/assets/meb-dort-dortluk-tyt-math-v11/meb-dort-dortluk-tyt-mat-denklemler-ve-esitsizliklerle-ilgili-uygulamalar-test-3-a-10.jpg,student-ready,True,Kaynak chapter 'Denklemler ve Eşitsizliklerle İlgili Uygulamalar' olduğundan canonical konu 'Problemler' olmalı.
meb-dort-dortluk-tyt-mat-denklemler-ve-esitsizliklerle-ilgili-uygulamalar-test-3-b-01,Denklemler ve Eşitsizlikler,Problemler,HIGH,REMAP,1,/assets/meb-dort-dortluk-tyt-math-v11/meb-dort-dortluk-tyt-mat-denklemler-ve-esitsizliklerle-ilgili-uygulamalar-test-3-b-01.jpg,student-ready,True,Kaynak chapter 'Denklemler ve Eşitsizliklerle İlgili Uygulamalar' olduğundan canonical konu 'Problemler' olmalı.
meb-dort-dortluk-tyt-mat-denklemler-ve-esitsizliklerle-ilgili-uygulamalar-test-3-b-02,Denklemler ve Eşitsizlikler,Problemler,HIGH,REMAP,2,/assets/meb-dort-dortluk-tyt-math-v11/meb-dort-dortluk-tyt-mat-denklemler-ve-esitsizliklerle-ilgili-uygulamalar-test-3-b-02.jpg,student-ready,True,Kaynak chapter 'Denklemler ve Eşitsizliklerle İlgili Uygulamalar' olduğundan canonical konu 'Problemler' olmalı.
meb-dort-dortluk-tyt-mat-denklemler-ve-esitsizliklerle-ilgili-uygulamalar-test-3-b-03,Denklemler ve Eşitsizlikler,Problemler,HIGH,REMAP,3,/assets/meb-dort-dortluk-tyt-math-v11/meb-dort-dortluk-tyt-mat-denklemler-ve-esitsizliklerle-ilgili-uygulamalar-test-3-b-03.jpg,student-ready,True,Kaynak chapter 'Denklemler ve Eşitsizliklerle İlgili Uygulamalar' olduğundan canonical konu 'Problemler' olmalı.
meb-dort-dortluk-tyt-mat-denklemler-ve-esitsizliklerle-ilgili-uygulamalar-test-3-b-04,Denklemler ve Eşitsizlikler,Problemler,HIGH,REMAP,4,/assets/meb-dort-dortluk-tyt-math-v11/meb-dort-dortluk-tyt-mat-denklemler-ve-esitsizliklerle-ilgili-uygulamalar-test-3-b-04.jpg,student-ready,True,Kaynak chapter 'Denklemler ve Eşitsizliklerle İlgili Uygulamalar' olduğundan canonical konu 'Problemler' olmalı.
meb-dort-dortluk-tyt-mat-denklemler-ve-esitsizliklerle-ilgili-uygulamalar-test-3-b-05,Denklemler ve Eşitsizlikler,Problemler,HIGH,REMAP,5,/assets/meb-dort-dortluk-tyt-math-v11/meb-dort-dortluk-tyt-mat-denklemler-ve-esitsizliklerle-ilgili-uygulamalar-test-3-b-05.jpg,student-ready,True,Kaynak chapter 'Denklemler ve Eşitsizliklerle İlgili Uygulamalar' olduğundan canonical konu 'Problemler' olmalı.
meb-dort-dortluk-tyt-mat-denklemler-ve-esitsizliklerle-ilgili-uygulamalar-test-3-b-06,Denklemler ve Eşitsizlikler,Problemler,HIGH,REMAP,6,/assets/meb-dort-dortluk-tyt-math-v11/meb-dort-dortluk-tyt-mat-denklemler-ve-esitsizliklerle-ilgili-uygulamalar-test-3-b-06.jpg,student-ready,True,Kaynak chapter 'Denklemler ve Eşitsizliklerle İlgili Uygulamalar' olduğundan canonical konu 'Problemler' olmalı.
meb-dort-dortluk-tyt-mat-denklemler-ve-esitsizliklerle-ilgili-uygulamalar-test-3-b-07,Denklemler ve Eşitsizlikler,Problemler,HIGH,REMAP,7,/assets/meb-dort-dortluk-tyt-math-v11/meb-dort-dortluk-tyt-mat-denklemler-ve-esitsizliklerle-ilgili-uygulamalar-test-3-b-07.jpg,student-ready,True,Kaynak chapter 'Denklemler ve Eşitsizliklerle İlgili Uygulamalar' olduğundan canonical konu 'Problemler' olmalı.
meb-dort-dortluk-tyt-mat-denklemler-ve-esitsizliklerle-ilgili-uygulamalar-test-3-b-08,Denklemler ve Eşitsizlikler,Problemler,HIGH,REMAP,8,/assets/meb-dort-dortluk-tyt-math-v11/meb-dort-dortluk-tyt-mat-denklemler-ve-esitsizliklerle-ilgili-uygulamalar-test-3-b-08.jpg,student-ready,True,Kaynak chapter 'Denklemler ve Eşitsizliklerle İlgili Uygulamalar' olduğundan canonical konu 'Problemler' olmalı.
meb-dort-dortluk-tyt-mat-denklemler-ve-esitsizliklerle-ilgili-uygulamalar-test-3-b-09,Denklemler ve Eşitsizlikler,Problemler,HIGH,REMAP,9,/assets/meb-dort-dortluk-tyt-math-v11/meb-dort-dortluk-tyt-mat-denklemler-ve-esitsizliklerle-ilgili-uygulamalar-test-3-b-09.jpg,student-ready,True,Kaynak chapter 'Denklemler ve Eşitsizliklerle İlgili Uygulamalar' olduğundan canonical konu 'Problemler' olmalı.
meb-dort-dortluk-tyt-mat-denklemler-ve-esitsizliklerle-ilgili-uygulamalar-test-3-b-10,Denklemler ve Eşitsizlikler,Problemler,HIGH,REMAP,10,/assets/meb-dort-dortluk-tyt-math-v11/meb-dort-dortluk-tyt-mat-denklemler-ve-esitsizliklerle-ilgili-uygulamalar-test-3-b-10.jpg,student-ready,True,Kaynak chapter 'Denklemler ve Eşitsizliklerle İlgili Uygulamalar' olduğundan canonical konu 'Problemler' olmalı.
meb-dort-dortluk-tyt-mat-denklemler-ve-esitsizliklerle-ilgili-uygulamalar-test-3-c-01,Denklemler ve Eşitsizlikler,Problemler,HIGH,REMAP,1,/assets/meb-dort-dortluk-tyt-math-v11/meb-dort-dortluk-tyt-mat-denklemler-ve-esitsizliklerle-ilgili-uygulamalar-test-3-c-01.jpg,student-ready,True,Kaynak chapter 'Denklemler ve Eşitsizliklerle İlgili Uygulamalar' olduğundan canonical konu 'Problemler' olmalı.
meb-dort-dortluk-tyt-mat-denklemler-ve-esitsizliklerle-ilgili-uygulamalar-test-3-c-07,Denklemler ve Eşitsizlikler,Problemler,HIGH,REMAP,7,/assets/meb-dort-dortluk-tyt-math-v11/meb-dort-dortluk-tyt-mat-denklemler-ve-esitsizliklerle-ilgili-uygulamalar-test-3-c-07.jpg,student-ready,True,Kaynak chapter 'Denklemler ve Eşitsizliklerle İlgili Uygulamalar' olduğundan canonical konu 'Problemler' olmalı.
meb-dort-dortluk-tyt-mat-denklemler-ve-esitsizliklerle-ilgili-uygulamalar-test-3-c-08,Denklemler ve Eşitsizlikler,Problemler,HIGH,REMAP,8,/assets/meb-dort-dortluk-tyt-math-v11/meb-dort-dortluk-tyt-mat-denklemler-ve-esitsizliklerle-ilgili-uygulamalar-test-3-c-08.jpg,student-ready,True,Kaynak chapter 'Denklemler ve Eşitsizliklerle İlgili Uygulamalar' olduğundan canonical konu 'Problemler' olmalı.
meb-dort-dortluk-tyt-mat-denklemler-ve-esitsizliklerle-ilgili-uygulamalar-test-3-c-09,Denklemler ve Eşitsizlikler,Problemler,HIGH,REMAP,9,/assets/meb-dort-dortluk-tyt-math-v11/meb-dort-dortluk-tyt-mat-denklemler-ve-esitsizliklerle-ilgili-uygulamalar-test-3-c-09.jpg,student-ready,True,Kaynak chapter 'Denklemler ve Eşitsizliklerle İlgili Uygulamalar' olduğundan canonical konu 'Problemler' olmalı.
meb-dort-dortluk-tyt-mat-denklemler-ve-esitsizliklerle-ilgili-uygulamalar-test-3-c-10,Denklemler ve Eşitsizlikler,Problemler,HIGH,REMAP,10,/assets/meb-dort-dortluk-tyt-math-v11/meb-dort-dortluk-tyt-mat-denklemler-ve-esitsizliklerle-ilgili-uygulamalar-test-3-c-10.jpg,student-ready,True,Kaynak chapter 'Denklemler ve Eşitsizliklerle İlgili Uygulamalar' olduğundan canonical konu 'Problemler' olmalı.
meb-dort-dortluk-tyt-mat-denklemler-ve-esitsizliklerle-ilgili-uygulamalar-test-3-c-11,Denklemler ve Eşitsizlikler,Problemler,HIGH,REMAP,11,/assets/meb-dort-dortluk-tyt-math-v11/meb-dort-dortluk-tyt-mat-denklemler-ve-esitsizliklerle-ilgili-uygulamalar-test-3-c-11.jpg,student-ready,True,Kaynak chapter 'Denklemler ve Eşitsizliklerle İlgili Uygulamalar' olduğundan canonical konu 'Problemler' olmalı.
meb-dort-dortluk-tyt-mat-denklemler-ve-esitsizliklerle-ilgili-uygulamalar-test-3-c-12,Denklemler ve Eşitsizlikler,Problemler,HIGH,REMAP,12,/assets/meb-dort-dortluk-tyt-math-v11/meb-dort-dortluk-tyt-mat-denklemler-ve-esitsizliklerle-ilgili-uygulamalar-test-3-c-12.jpg,student-ready,True,Kaynak chapter 'Denklemler ve Eşitsizliklerle İlgili Uygulamalar' olduğundan canonical konu 'Problemler' olmalı.
meb-dort-dortluk-tyt-mat-denklemler-ve-esitsizliklerle-ilgili-uygulamalar-test-4-01,Denklemler ve Eşitsizlikler,Problemler,HIGH,REMAP,1,/assets/meb-dort-dortluk-tyt-math-v11/meb-dort-dortluk-tyt-mat-denklemler-ve-esitsizliklerle-ilgili-uygulamalar-test-4-01.jpg,student-ready,True,Kaynak chapter 'Denklemler ve Eşitsizliklerle İlgili Uygulamalar' olduğundan canonical konu 'Problemler' olmalı.
meb-dort-dortluk-tyt-mat-denklemler-ve-esitsizliklerle-ilgili-uygulamalar-test-4-02,Denklemler ve Eşitsizlikler,Problemler,HIGH,REMAP,2,/assets/meb-dort-dortluk-tyt-math-v11/meb-dort-dortluk-tyt-mat-denklemler-ve-esitsizliklerle-ilgili-uygulamalar-test-4-02.jpg,student-ready,True,Kaynak chapter 'Denklemler ve Eşitsizliklerle İlgili Uygulamalar' olduğundan canonical konu 'Problemler' olmalı.
meb-dort-dortluk-tyt-mat-denklemler-ve-esitsizliklerle-ilgili-uygulamalar-test-4-03,Denklemler ve Eşitsizlikler,Problemler,HIGH,REMAP,3,/assets/meb-dort-dortluk-tyt-math-v11/meb-dort-dortluk-tyt-mat-denklemler-ve-esitsizliklerle-ilgili-uygulamalar-test-4-03.jpg,student-ready,True,Kaynak chapter 'Denklemler ve Eşitsizliklerle İlgili Uygulamalar' olduğundan canonical konu 'Problemler' olmalı.
meb-dort-dortluk-tyt-mat-denklemler-ve-esitsizliklerle-ilgili-uygulamalar-test-4-04,Denklemler ve Eşitsizlikler,Problemler,HIGH,REMAP,4,/assets/meb-dort-dortluk-tyt-math-v11/meb-dort-dortluk-tyt-mat-denklemler-ve-esitsizliklerle-ilgili-uygulamalar-test-4-04.jpg,student-ready,True,Kaynak chapter 'Denklemler ve Eşitsizliklerle İlgili Uygulamalar' olduğundan canonical konu 'Problemler' olmalı.
meb-dort-dortluk-tyt-mat-denklemler-ve-esitsizliklerle-ilgili-uygulamalar-test-4-05,Denklemler ve Eşitsizlikler,Problemler,HIGH,REMAP,5,/assets/meb-dort-dortluk-tyt-math-v11/meb-dort-dortluk-tyt-mat-denklemler-ve-esitsizliklerle-ilgili-uygulamalar-test-4-05.jpg,student-ready,True,Kaynak chapter 'Denklemler ve Eşitsizliklerle İlgili Uygulamalar' olduğundan canonical konu 'Problemler' olmalı.
meb-dort-dortluk-tyt-mat-denklemler-ve-esitsizliklerle-ilgili-uygulamalar-test-4-06,Denklemler ve Eşitsizlikler,Problemler,HIGH,REMAP,6,/assets/meb-dort-dortluk-tyt-math-v11/meb-dort-dortluk-tyt-mat-denklemler-ve-esitsizliklerle-ilgili-uygulamalar-test-4-06.jpg,student-ready,True,Kaynak chapter 'Denklemler ve Eşitsizliklerle İlgili Uygulamalar' olduğundan canonical konu 'Problemler' olmalı.
meb-dort-dortluk-tyt-mat-denklemler-ve-esitsizliklerle-ilgili-uygulamalar-test-4-07,Denklemler ve Eşitsizlikler,Problemler,HIGH,REMAP,7,/assets/meb-dort-dortluk-tyt-math-v11/meb-dort-dortluk-tyt-mat-denklemler-ve-esitsizliklerle-ilgili-uygulamalar-test-4-07.jpg,student-ready,True,Kaynak chapter 'Denklemler ve Eşitsizliklerle İlgili Uygulamalar' olduğundan canonical konu 'Problemler' olmalı.
meb-dort-dortluk-tyt-mat-denklemler-ve-esitsizliklerle-ilgili-uygulamalar-test-4-08,Denklemler ve Eşitsizlikler,Problemler,HIGH,REMAP,8,/assets/meb-dort-dortluk-tyt-math-v11/meb-dort-dortluk-tyt-mat-denklemler-ve-esitsizliklerle-ilgili-uygulamalar-test-4-08.jpg,student-ready,True,Kaynak chapter 'Denklemler ve Eşitsizliklerle İlgili Uygulamalar' olduğundan canonical konu 'Problemler' olmalı.
meb-dort-dortluk-tyt-mat-denklemler-ve-esitsizliklerle-ilgili-uygulamalar-test-4-09,Denklemler ve Eşitsizlikler,Problemler,HIGH,REMAP,9,/assets/meb-dort-dortluk-tyt-math-v11/meb-dort-dortluk-tyt-mat-denklemler-ve-esitsizliklerle-ilgili-uygulamalar-test-4-09.jpg,student-ready,True,Kaynak chapter 'Denklemler ve Eşitsizliklerle İlgili Uygulamalar' olduğundan canonical konu 'Problemler' olmalı.
meb-dort-dortluk-tyt-mat-denklemler-ve-esitsizliklerle-ilgili-uygulamalar-test-4-10,Denklemler ve Eşitsizlikler,Problemler,HIGH,REMAP,10,/assets/meb-dort-dortluk-tyt-math-v11/meb-dort-dortluk-tyt-mat-denklemler-ve-esitsizliklerle-ilgili-uygulamalar-test-4-10.jpg,student-ready,True,Kaynak chapter 'Denklemler ve Eşitsizliklerle İlgili Uygulamalar' olduğundan canonical konu 'Problemler' olmalı.
meb-dort-dortluk-tyt-mat-denklemler-ve-esitsizliklerle-ilgili-uygulamalar-test-4-11,Denklemler ve Eşitsizlikler,Problemler,HIGH,REMAP,11,/assets/meb-dort-dortluk-tyt-math-v11/meb-dort-dortluk-tyt-mat-denklemler-ve-esitsizliklerle-ilgili-uygulamalar-test-4-11.jpg,student-ready,True,Kaynak chapter 'Denklemler ve Eşitsizliklerle İlgili Uygulamalar' olduğundan canonical konu 'Problemler' olmalı.
